dataset,trial,batch_size,learning_rate,n_layer,n_units
MLP_alsfrs-r_T3_T4,trial_36,128,0.0019032059446212248,1,32
MLP_alsfrs-r_T3_T4,trial_31,16,0.0009962631799516244,2,64
MLP_alsfrs-r_T3_T4,trial_38,64,0.00012819803932533189,3,64
MLP_alsfrs-r_T3_T4,trial_39,32,0.00018392281616648142,1,128
MLP_alsfrs-r_T3_T4,trial_30,16,8.025784354586143e-05,3,512
MLP_alsfrs-r_T3_T4,trial_37,16,0.0009004446070101223,2,1024
MLP_alsfrs-r_T3_T4,trial_15,16,0.0004287455359529918,2,256
MLP_alsfrs-r_T3_T4,trial_12,16,0.0007802536546654733,2,256
MLP_alsfrs-r_T3_T4,trial_24,16,3.680698914896071e-05,1,512
MLP_alsfrs-r_T3_T4,trial_23,16,9.628305140845021e-05,2,512
MLP_alsfrs-r_T3_T4,trial_5,32,0.00528020301968248,4,256
MLP_alsfrs-r_T3_T4,trial_48,16,0.0005712984049868956,5,256
MLP_alsfrs-r_T3_T4,trial_2,64,0.00017298760634929495,2,1024
MLP_alsfrs-r_T3_T4,trial_46,64,0.0007751370320461942,2,256
MLP_alsfrs-r_T3_T4,trial_41,16,0.0005593091002574694,2,256
MLP_alsfrs-r_T3_T4,trial_22,16,0.0002708171981799772,3,512
MLP_alsfrs-r_T3_T4,trial_25,16,0.00013976705577123437,2,512
MLP_alsfrs-r_T3_T4,trial_13,16,0.0006452137091248098,2,256
MLP_alsfrs-r_T3_T4,trial_14,16,5.048953009331909e-05,3,128
MLP_alsfrs-r_T3_T4,trial_40,128,0.0003767469913384659,4,512
MLP_alsfrs-r_T3_T4,trial_47,16,0.0015774105575051928,1,256
MLP_alsfrs-r_T3_T4,trial_3,64,0.009120427768659168,5,64
MLP_alsfrs-r_T3_T4,trial_4,128,0.006568932177471163,4,1024
MLP_alsfrs-r_T3_T4,trial_49,16,0.0035931950757454563,3,256
MLP_alsfrs-r_T3_T4,trial_32,16,0.0011993324571172817,2,64
MLP_alsfrs-r_T3_T4,trial_35,64,0.00046121578119098945,2,64
MLP_alsfrs-r_T3_T4,trial_34,16,0.00025651934617573963,3,64
MLP_alsfrs-r_T3_T4,trial_33,16,0.00015797869381583055,2,64
MLP_alsfrs-r_T3_T4,trial_1,128,0.004926043646126358,5,64
MLP_alsfrs-r_T3_T4,trial_6,64,0.0015181121885308956,1,256
MLP_alsfrs-r_T3_T4,trial_42,16,0.002231788410845344,2,1024
MLP_alsfrs-r_T3_T4,trial_45,16,0.0006022971976440638,2,256
MLP_alsfrs-r_T3_T4,trial_8,64,0.002954999845909111,1,1024
MLP_alsfrs-r_T3_T4,trial_11,16,1.7998830005749246e-05,2,256
MLP_alsfrs-r_T3_T4,trial_29,128,0.00040171745035785355,1,128
MLP_alsfrs-r_T3_T4,trial_16,16,0.0012711337351862268,3,32
MLP_alsfrs-r_T3_T4,trial_20,16,0.00024342803040098616,2,512
MLP_alsfrs-r_T3_T4,trial_18,16,0.00021023385802727395,4,128
MLP_alsfrs-r_T3_T4,trial_27,32,1.3449041012938711e-05,2,512
MLP_alsfrs-r_T3_T4,trial_44,16,0.0005555261613942354,2,256
MLP_alsfrs-r_T3_T4,trial_9,32,0.0029395556933966877,3,32
MLP_alsfrs-r_T3_T4,trial_43,16,0.0010197144493619195,2,64
MLP_alsfrs-r_T3_T4,trial_7,16,0.00010475717341823199,5,512
MLP_alsfrs-r_T3_T4,trial_0,128,0.0005507344008507569,1,1024
MLP_alsfrs-r_T3_T4,trial_19,32,6.358775075407936e-05,1,128
MLP_alsfrs-r_T3_T4,trial_26,16,0.00031407128708050755,3,128
MLP_alsfrs-r_T3_T4,trial_21,16,0.00019616734700362684,2,512
MLP_alsfrs-r_T3_T4,trial_28,128,2.6621767450735494e-05,1,512
MLP_alsfrs-r_T3_T4,trial_17,16,0.0002335813952998309,2,128
MLP_alsfrs-r_T3_T4,trial_10,16,0.0006360794252643503,2,256
MLP_alsfrs-r_T1_T5,trial_36,32,0.0005614504437894645,4,128
MLP_alsfrs-r_T1_T5,trial_31,32,0.005036274495843437,3,128
MLP_alsfrs-r_T1_T5,trial_38,64,0.0001987178672753593,5,128
MLP_alsfrs-r_T1_T5,trial_39,32,0.006641813050084548,4,1024
MLP_alsfrs-r_T1_T5,trial_30,32,0.0015260873457716441,4,1024
MLP_alsfrs-r_T1_T5,trial_37,32,0.0011961633556780253,3,256
MLP_alsfrs-r_T1_T5,trial_15,16,8.00270938932824e-05,1,128
MLP_alsfrs-r_T1_T5,trial_12,16,1.1153477485381266e-05,2,512
MLP_alsfrs-r_T1_T5,trial_24,32,0.0017338388838360566,4,128
MLP_alsfrs-r_T1_T5,trial_23,32,0.0026317179448504184,3,128
MLP_alsfrs-r_T1_T5,trial_5,32,0.00013148361197507747,4,1024
MLP_alsfrs-r_T1_T5,trial_48,64,2.3928104318874958e-05,1,32
MLP_alsfrs-r_T1_T5,trial_2,128,0.00010668220034374046,1,512
MLP_alsfrs-r_T1_T5,trial_46,64,2.2349267250953615e-05,1,64
MLP_alsfrs-r_T1_T5,trial_41,32,0.0002447953192866122,2,64
MLP_alsfrs-r_T1_T5,trial_22,32,0.002708788283141156,4,128
MLP_alsfrs-r_T1_T5,trial_25,32,0.000455860636939804,4,64
MLP_alsfrs-r_T1_T5,trial_13,16,0.000280905801688736,1,64
MLP_alsfrs-r_T1_T5,trial_14,128,0.00097140701616971,2,512
MLP_alsfrs-r_T1_T5,trial_40,128,0.0034131847561399307,3,256
MLP_alsfrs-r_T1_T5,trial_47,64,1.820840411414628e-05,1,64
MLP_alsfrs-r_T1_T5,trial_3,128,0.0008988801107669991,3,256
MLP_alsfrs-r_T1_T5,trial_4,32,0.00016300396034726381,3,256
MLP_alsfrs-r_T1_T5,trial_49,64,1.628497434855886e-05,1,64
MLP_alsfrs-r_T1_T5,trial_32,32,0.004028419370016933,3,128
MLP_alsfrs-r_T1_T5,trial_35,32,0.009703558971951548,3,32
MLP_alsfrs-r_T1_T5,trial_34,32,0.00023312898665509205,2,64
MLP_alsfrs-r_T1_T5,trial_33,64,0.0019822885596394706,3,128
MLP_alsfrs-r_T1_T5,trial_1,64,5.187560333853458e-05,1,256
MLP_alsfrs-r_T1_T5,trial_6,64,0.006456032024081406,4,256
MLP_alsfrs-r_T1_T5,trial_42,32,6.018691536511921e-05,1,64
MLP_alsfrs-r_T1_T5,trial_45,64,2.754108447275854e-05,1,64
MLP_alsfrs-r_T1_T5,trial_8,128,0.0009346970054122211,5,32
MLP_alsfrs-r_T1_T5,trial_11,16,1.1905549585789859e-05,1,512
MLP_alsfrs-r_T1_T5,trial_29,32,0.0006473278917953688,3,128
MLP_alsfrs-r_T1_T5,trial_16,128,9.269031371960659e-05,2,128
MLP_alsfrs-r_T1_T5,trial_20,32,0.0024976520893365143,3,128
MLP_alsfrs-r_T1_T5,trial_18,32,0.00040091837045500207,2,128
MLP_alsfrs-r_T1_T5,trial_27,32,0.0016085826004875708,4,128
MLP_alsfrs-r_T1_T5,trial_44,32,3.388960099452973e-05,1,64
MLP_alsfrs-r_T1_T5,trial_9,16,2.5169565031957057e-05,5,1024
MLP_alsfrs-r_T1_T5,trial_43,32,4.375874273279113e-05,1,64
MLP_alsfrs-r_T1_T5,trial_7,64,0.008758560981173485,5,32
MLP_alsfrs-r_T1_T5,trial_0,128,3.9558051935057196e-05,2,32
MLP_alsfrs-r_T1_T5,trial_19,32,0.002970388860703026,2,128
MLP_alsfrs-r_T1_T5,trial_26,32,0.0015575790279865507,4,128
MLP_alsfrs-r_T1_T5,trial_21,32,0.003082272449023521,3,128
MLP_alsfrs-r_T1_T5,trial_28,32,0.004920177022727212,5,128
MLP_alsfrs-r_T1_T5,trial_17,32,0.00037819324199127904,1,128
MLP_alsfrs-r_T1_T5,trial_10,16,1.0512667681681248e-05,1,512
MLP_alsfrs-r_T3_T5,trial_36,32,5.195130741400784e-05,3,1024
MLP_alsfrs-r_T3_T5,trial_31,128,0.00026019234242568624,3,1024
MLP_alsfrs-r_T3_T5,trial_38,16,0.00021031267286391613,4,1024
MLP_alsfrs-r_T3_T5,trial_39,128,0.00798517599331325,3,128
MLP_alsfrs-r_T3_T5,trial_30,128,0.0007610967287449371,2,256
MLP_alsfrs-r_T3_T5,trial_37,128,0.0010949575553562039,2,32
MLP_alsfrs-r_T3_T5,trial_15,64,2.9247840366934853e-05,1,512
MLP_alsfrs-r_T3_T5,trial_12,128,0.0003511901132161708,2,512
MLP_alsfrs-r_T3_T5,trial_24,128,8.331408870403213e-05,1,512
MLP_alsfrs-r_T3_T5,trial_23,64,1.0164650961657607e-05,2,512
MLP_alsfrs-r_T3_T5,trial_5,16,0.0017085557588857856,4,1024
MLP_alsfrs-r_T3_T5,trial_48,32,1.797704217045457e-05,1,1024
MLP_alsfrs-r_T3_T5,trial_2,128,8.940168208330212e-05,2,512
MLP_alsfrs-r_T3_T5,trial_46,128,6.95337503461326e-05,2,512
MLP_alsfrs-r_T3_T5,trial_41,128,6.162652106533207e-05,2,512
MLP_alsfrs-r_T3_T5,trial_22,64,2.7592162185553906e-05,1,512
MLP_alsfrs-r_T3_T5,trial_25,128,0.0001197426020503735,2,512
MLP_alsfrs-r_T3_T5,trial_13,64,8.340187521935596e-05,2,512
MLP_alsfrs-r_T3_T5,trial_14,64,3.062009475772823e-05,2,512
MLP_alsfrs-r_T3_T5,trial_40,32,0.003934461255502313,2,64
MLP_alsfrs-r_T3_T5,trial_47,128,0.00013661739072023306,2,256
MLP_alsfrs-r_T3_T5,trial_3,32,1.3543460578395105e-05,3,128
MLP_alsfrs-r_T3_T5,trial_4,64,0.006090158966789588,3,64
MLP_alsfrs-r_T3_T5,trial_49,128,1.837185424892655e-05,2,512
MLP_alsfrs-r_T3_T5,trial_32,128,0.0001228641515873156,4,1024
MLP_alsfrs-r_T3_T5,trial_35,128,0.00010574730677492509,3,64
MLP_alsfrs-r_T3_T5,trial_34,128,0.00019836797068681697,2,128
MLP_alsfrs-r_T3_T5,trial_33,128,0.00040110453140021826,3,1024
MLP_alsfrs-r_T3_T5,trial_1,16,8.506872555224715e-05,2,32
MLP_alsfrs-r_T3_T5,trial_6,16,0.002197031832501592,3,32
MLP_alsfrs-r_T3_T5,trial_42,128,5.594662725115276e-05,2,1024
MLP_alsfrs-r_T3_T5,trial_45,16,9.43673594123846e-05,1,128
MLP_alsfrs-r_T3_T5,trial_8,128,5.0825034414512075e-05,4,512
MLP_alsfrs-r_T3_T5,trial_11,16,0.00015244193261195317,1,32
MLP_alsfrs-r_T3_T5,trial_29,128,0.0002528429651148165,3,1024
MLP_alsfrs-r_T3_T5,trial_16,64,1.1885528029852052e-05,2,512
MLP_alsfrs-r_T3_T5,trial_20,64,6.755410002477405e-05,5,512
MLP_alsfrs-r_T3_T5,trial_18,64,0.00017174836762511757,1,64
MLP_alsfrs-r_T3_T5,trial_27,128,0.00025071499932098384,3,1024
MLP_alsfrs-r_T3_T5,trial_44,128,4.0922462341716966e-05,2,512
MLP_alsfrs-r_T3_T5,trial_9,32,1.9009459271249094e-05,3,1024
MLP_alsfrs-r_T3_T5,trial_43,128,5.867325100863388e-05,2,32
MLP_alsfrs-r_T3_T5,trial_7,32,4.326654842275292e-05,2,128
MLP_alsfrs-r_T3_T5,trial_0,32,0.00016701030914606608,1,128
MLP_alsfrs-r_T3_T5,trial_19,128,3.0220230966442466e-05,2,512
MLP_alsfrs-r_T3_T5,trial_26,128,0.0001360949715810769,2,1024
MLP_alsfrs-r_T3_T5,trial_21,64,2.5946516295980725e-05,1,512
MLP_alsfrs-r_T3_T5,trial_28,128,0.00012922155766243639,2,1024
MLP_alsfrs-r_T3_T5,trial_17,128,0.0007282547346389152,4,256
MLP_alsfrs-r_T3_T5,trial_10,128,0.0005203166090077148,5,256
MLP_alsfrs-r_T2-T4_T5,trial_36,64,2.8933681406798275e-05,1,256
MLP_alsfrs-r_T2-T4_T5,trial_31,64,0.0002650147488216005,2,256
MLP_alsfrs-r_T2-T4_T5,trial_38,32,2.5648381831673483e-05,1,64
MLP_alsfrs-r_T2-T4_T5,trial_39,32,3.655073430045592e-05,1,64
MLP_alsfrs-r_T2-T4_T5,trial_30,64,1.2740177543271372e-05,3,256
MLP_alsfrs-r_T2-T4_T5,trial_37,32,2.6480821651358467e-05,1,64
MLP_alsfrs-r_T2-T4_T5,trial_15,32,0.002772573848643556,4,1024
MLP_alsfrs-r_T2-T4_T5,trial_12,16,0.0007881298424083569,4,1024
MLP_alsfrs-r_T2-T4_T5,trial_24,64,6.25001561694806e-05,2,256
MLP_alsfrs-r_T2-T4_T5,trial_23,64,6.202809014989215e-05,2,256
MLP_alsfrs-r_T2-T4_T5,trial_5,128,3.7277094468211e-05,1,1024
MLP_alsfrs-r_T2-T4_T5,trial_48,32,1.8922598510319843e-05,1,64
MLP_alsfrs-r_T2-T4_T5,trial_2,64,0.0012371753558971508,1,1024
MLP_alsfrs-r_T2-T4_T5,trial_46,32,1.0207237203772855e-05,1,64
MLP_alsfrs-r_T2-T4_T5,trial_41,32,2.8692073911889463e-05,1,64
MLP_alsfrs-r_T2-T4_T5,trial_22,64,7.854532677229298e-05,2,256
MLP_alsfrs-r_T2-T4_T5,trial_25,64,8.537805683745653e-05,2,256
MLP_alsfrs-r_T2-T4_T5,trial_13,64,0.0009524430157803013,2,512
MLP_alsfrs-r_T2-T4_T5,trial_14,16,0.00011583692082500931,2,512
MLP_alsfrs-r_T2-T4_T5,trial_40,32,3.136552303986367e-05,1,64
MLP_alsfrs-r_T2-T4_T5,trial_47,32,1.6143520564474083e-05,1,64
MLP_alsfrs-r_T2-T4_T5,trial_3,128,0.005853749345810218,3,32
MLP_alsfrs-r_T2-T4_T5,trial_4,64,0.00017499094255950994,2,256
MLP_alsfrs-r_T2-T4_T5,trial_49,32,4.086406800110378e-05,1,64
MLP_alsfrs-r_T2-T4_T5,trial_32,64,0.0005516822912049795,2,256
MLP_alsfrs-r_T2-T4_T5,trial_35,64,0.00017897022810219355,1,32
MLP_alsfrs-r_T2-T4_T5,trial_34,64,4.2320543381913116e-05,1,256
MLP_alsfrs-r_T2-T4_T5,trial_33,64,0.00018044982916020003,1,256
MLP_alsfrs-r_T2-T4_T5,trial_1,128,3.10820319124455e-05,1,256
MLP_alsfrs-r_T2-T4_T5,trial_6,128,0.0002472341343218277,3,64
MLP_alsfrs-r_T2-T4_T5,trial_42,32,3.128947255127496e-05,1,64
MLP_alsfrs-r_T2-T4_T5,trial_45,32,1.579824106869378e-05,1,64
MLP_alsfrs-r_T2-T4_T5,trial_8,32,0.003748274458627538,3,32
MLP_alsfrs-r_T2-T4_T5,trial_11,64,0.0012031281890741426,5,128
MLP_alsfrs-r_T2-T4_T5,trial_29,64,2.1979013585823605e-05,1,256
MLP_alsfrs-r_T2-T4_T5,trial_16,16,0.009975837680672764,4,128
MLP_alsfrs-r_T2-T4_T5,trial_20,32,0.0004140323502580636,3,512
MLP_alsfrs-r_T2-T4_T5,trial_18,64,0.0001146082770308694,4,512
MLP_alsfrs-r_T2-T4_T5,trial_27,64,8.310036718359503e-05,3,256
MLP_alsfrs-r_T2-T4_T5,trial_44,32,1.6314513837528326e-05,1,64
MLP_alsfrs-r_T2-T4_T5,trial_9,128,2.1112162354531942e-05,1,64
MLP_alsfrs-r_T2-T4_T5,trial_43,32,1.6284199360286104e-05,1,64
MLP_alsfrs-r_T2-T4_T5,trial_7,128,4.8267811186327146e-05,1,256
MLP_alsfrs-r_T2-T4_T5,trial_0,16,1.7964576153531337e-05,3,512
MLP_alsfrs-r_T2-T4_T5,trial_19,16,0.0020638171175593055,2,1024
MLP_alsfrs-r_T2-T4_T5,trial_26,64,0.00015345337744597908,2,256
MLP_alsfrs-r_T2-T4_T5,trial_21,64,0.00011515653279158885,2,256
MLP_alsfrs-r_T2-T4_T5,trial_28,64,0.00030454458661058846,2,256
MLP_alsfrs-r_T2-T4_T5,trial_17,64,0.0004593445321013821,2,1024
MLP_alsfrs-r_T2-T4_T5,trial_10,16,1.2256393380520777e-05,5,512
MLP_alsfrs-r_T2_T5,trial_36,128,0.00666851991016571,1,512
MLP_alsfrs-r_T2_T5,trial_31,128,0.00607991867720744,3,1024
MLP_alsfrs-r_T2_T5,trial_38,16,0.0031989978694219965,3,1024
MLP_alsfrs-r_T2_T5,trial_39,128,0.0018643626948501677,2,128
MLP_alsfrs-r_T2_T5,trial_30,128,0.0013544588632942302,2,128
MLP_alsfrs-r_T2_T5,trial_37,64,5.6686857572725735e-05,3,64
MLP_alsfrs-r_T2_T5,trial_15,32,0.0012676488369436705,2,32
MLP_alsfrs-r_T2_T5,trial_12,128,0.00924488524261411,4,128
MLP_alsfrs-r_T2_T5,trial_24,32,0.0005474480291674495,2,512
MLP_alsfrs-r_T2_T5,trial_23,32,0.0027272629667303267,3,32
MLP_alsfrs-r_T2_T5,trial_5,32,0.00015148434745897708,3,512
MLP_alsfrs-r_T2_T5,trial_48,128,0.0014536798037521454,2,64
MLP_alsfrs-r_T2_T5,trial_2,16,0.00020077250939835934,3,64
MLP_alsfrs-r_T2_T5,trial_46,16,0.005205899845064858,4,512
MLP_alsfrs-r_T2_T5,trial_41,128,0.006627168440262664,3,1024
MLP_alsfrs-r_T2_T5,trial_22,32,0.004033048142037875,5,128
MLP_alsfrs-r_T2_T5,trial_25,32,0.005106602098576462,3,1024
MLP_alsfrs-r_T2_T5,trial_13,32,0.002004242322127026,4,32
MLP_alsfrs-r_T2_T5,trial_14,32,0.0017544973767077878,5,32
MLP_alsfrs-r_T2_T5,trial_40,128,0.00039247488672256947,5,256
MLP_alsfrs-r_T2_T5,trial_47,128,0.0026539078278160944,3,128
MLP_alsfrs-r_T2_T5,trial_3,64,1.971496563499276e-05,3,64
MLP_alsfrs-r_T2_T5,trial_4,64,0.00020058816535839175,5,64
MLP_alsfrs-r_T2_T5,trial_49,128,0.002327473150780128,4,1024
MLP_alsfrs-r_T2_T5,trial_32,128,0.005996770941323097,3,1024
MLP_alsfrs-r_T2_T5,trial_35,16,0.0030140565833406074,2,1024
MLP_alsfrs-r_T2_T5,trial_34,64,0.0010600293119258216,3,64
MLP_alsfrs-r_T2_T5,trial_33,128,0.006269072944172043,3,1024
MLP_alsfrs-r_T2_T5,trial_1,16,2.0063501706385628e-05,4,1024
MLP_alsfrs-r_T2_T5,trial_6,16,0.00021676035827112086,1,256
MLP_alsfrs-r_T2_T5,trial_42,128,0.005825449003818925,3,1024
MLP_alsfrs-r_T2_T5,trial_45,64,0.00995512118920605,2,128
MLP_alsfrs-r_T2_T5,trial_8,64,6.880283891287716e-05,5,1024
MLP_alsfrs-r_T2_T5,trial_11,128,0.009230439612901162,4,128
MLP_alsfrs-r_T2_T5,trial_29,128,1.1241947906809828e-05,1,128
MLP_alsfrs-r_T2_T5,trial_16,32,0.002086783597255679,4,32
MLP_alsfrs-r_T2_T5,trial_20,32,0.000732524695891766,2,512
MLP_alsfrs-r_T2_T5,trial_18,32,0.0008033088052526945,1,512
MLP_alsfrs-r_T2_T5,trial_27,128,0.0010440815810811295,2,128
MLP_alsfrs-r_T2_T5,trial_44,128,0.0036561368802362224,4,1024
MLP_alsfrs-r_T2_T5,trial_9,32,0.00015945061334716868,2,256
MLP_alsfrs-r_T2_T5,trial_43,128,0.007788974221861716,3,1024
MLP_alsfrs-r_T2_T5,trial_7,16,1.931277483850019e-05,3,128
MLP_alsfrs-r_T2_T5,trial_0,32,0.007061552737541527,4,128
MLP_alsfrs-r_T2_T5,trial_19,32,0.004067565416740224,2,512
MLP_alsfrs-r_T2_T5,trial_26,32,0.0027623204821195894,1,256
MLP_alsfrs-r_T2_T5,trial_21,32,0.004425082318316657,4,32
MLP_alsfrs-r_T2_T5,trial_28,128,0.00045073616541278544,2,128
MLP_alsfrs-r_T2_T5,trial_17,32,0.003390110657712033,2,512
MLP_alsfrs-r_T2_T5,trial_10,128,0.009584480476536074,4,128
MLP_alsfrs-r_T1-T4_T5,trial_36,128,5.2149531909856965e-05,1,1024
MLP_alsfrs-r_T1-T4_T5,trial_31,64,4.5280359516665875e-05,4,32
MLP_alsfrs-r_T1-T4_T5,trial_38,128,1.7646360285881014e-05,3,128
MLP_alsfrs-r_T1-T4_T5,trial_39,64,0.0006126930161088409,1,64
MLP_alsfrs-r_T1-T4_T5,trial_30,16,0.0002553603352550501,3,64
MLP_alsfrs-r_T1-T4_T5,trial_37,64,0.0002092653279146291,5,32
MLP_alsfrs-r_T1-T4_T5,trial_15,32,0.001582391288591418,2,64
MLP_alsfrs-r_T1-T4_T5,trial_12,16,9.938904461096941e-05,3,512
MLP_alsfrs-r_T1-T4_T5,trial_24,128,0.00031091314180542646,2,64
MLP_alsfrs-r_T1-T4_T5,trial_23,128,0.0006585028952351545,3,64
MLP_alsfrs-r_T1-T4_T5,trial_5,128,0.0003944009652800909,1,128
MLP_alsfrs-r_T1-T4_T5,trial_48,64,8.389613545928085e-05,1,512
MLP_alsfrs-r_T1-T4_T5,trial_2,32,1.1052760146894291e-05,1,1024
MLP_alsfrs-r_T1-T4_T5,trial_46,64,2.1395711378429495e-05,1,512
MLP_alsfrs-r_T1-T4_T5,trial_41,64,3.8423126580147935e-05,1,512
MLP_alsfrs-r_T1-T4_T5,trial_22,128,0.0028906456225611566,2,64
MLP_alsfrs-r_T1-T4_T5,trial_25,128,0.005066474991281792,1,64
MLP_alsfrs-r_T1-T4_T5,trial_13,32,0.0010006105289687773,2,64
MLP_alsfrs-r_T1-T4_T5,trial_14,32,0.0012132556492881717,2,64
MLP_alsfrs-r_T1-T4_T5,trial_40,64,3.296435390121398e-05,1,512
MLP_alsfrs-r_T1-T4_T5,trial_47,64,3.4025315356734975e-05,1,512
MLP_alsfrs-r_T1-T4_T5,trial_3,64,1.4015616503664429e-05,1,512
MLP_alsfrs-r_T1-T4_T5,trial_4,64,3.7199985471039517e-05,1,32
MLP_alsfrs-r_T1-T4_T5,trial_49,64,1.1914777822252794e-05,1,512
MLP_alsfrs-r_T1-T4_T5,trial_32,64,1.5591686935623917e-05,5,32
MLP_alsfrs-r_T1-T4_T5,trial_35,64,2.9199950756529443e-05,3,32
MLP_alsfrs-r_T1-T4_T5,trial_34,64,1.8350093528445655e-05,4,1024
MLP_alsfrs-r_T1-T4_T5,trial_33,64,6.019814172803195e-05,4,32
MLP_alsfrs-r_T1-T4_T5,trial_1,64,2.4696323684076655e-05,5,1024
MLP_alsfrs-r_T1-T4_T5,trial_6,128,0.0035447618300285632,1,1024
MLP_alsfrs-r_T1-T4_T5,trial_42,64,1.3868419282442248e-05,1,512
MLP_alsfrs-r_T1-T4_T5,trial_45,64,1.015194898129912e-05,1,512
MLP_alsfrs-r_T1-T4_T5,trial_8,64,2.5476364058819473e-05,1,256
MLP_alsfrs-r_T1-T4_T5,trial_11,16,0.0001149880247294749,3,512
MLP_alsfrs-r_T1-T4_T5,trial_29,64,0.007897745485909087,1,128
MLP_alsfrs-r_T1-T4_T5,trial_16,32,0.0022096923242242617,2,64
MLP_alsfrs-r_T1-T4_T5,trial_20,128,0.00028470775172113216,2,512
MLP_alsfrs-r_T1-T4_T5,trial_18,128,0.0009306266005433546,2,64
MLP_alsfrs-r_T1-T4_T5,trial_27,128,1.0960327268934109e-05,2,256
MLP_alsfrs-r_T1-T4_T5,trial_44,64,2.5675095439721068e-05,1,512
MLP_alsfrs-r_T1-T4_T5,trial_9,64,0.00014659004433202245,4,32
MLP_alsfrs-r_T1-T4_T5,trial_43,64,1.397379021303322e-05,1,512
MLP_alsfrs-r_T1-T4_T5,trial_7,64,0.0004800424202008289,5,128
MLP_alsfrs-r_T1-T4_T5,trial_0,16,0.008855690474225592,1,128
MLP_alsfrs-r_T1-T4_T5,trial_19,128,0.0007318848251517639,4,512
MLP_alsfrs-r_T1-T4_T5,trial_26,64,5.645761128220372e-05,4,32
MLP_alsfrs-r_T1-T4_T5,trial_21,128,0.0020316060198776915,2,64
MLP_alsfrs-r_T1-T4_T5,trial_28,128,0.0018017085614580204,1,512
MLP_alsfrs-r_T1-T4_T5,trial_17,32,0.005975466089240006,2,256
MLP_alsfrs-r_T1-T4_T5,trial_10,16,0.00013170866089585694,3,512
MLP_alsfrs-r_T1-T2-T3_T5,trial_36,128,5.2506460730527015e-05,3,128
MLP_alsfrs-r_T1-T2-T3_T5,trial_31,64,0.0002899669090518346,5,32
MLP_alsfrs-r_T1-T2-T3_T5,trial_38,128,0.0018381669901403061,4,128
MLP_alsfrs-r_T1-T2-T3_T5,trial_39,128,3.4838008299834636e-05,3,128
MLP_alsfrs-r_T1-T2-T3_T5,trial_30,64,0.005927738078034433,4,256
MLP_alsfrs-r_T1-T2-T3_T5,trial_37,128,2.061734606156534e-05,4,128
MLP_alsfrs-r_T1-T2-T3_T5,trial_15,16,0.007467978371425812,4,32
MLP_alsfrs-r_T1-T2-T3_T5,trial_12,32,7.811893443803419e-05,5,1024
MLP_alsfrs-r_T1-T2-T3_T5,trial_24,16,0.0003139017958110699,4,256
MLP_alsfrs-r_T1-T2-T3_T5,trial_23,16,0.00010582756577217737,5,32
MLP_alsfrs-r_T1-T2-T3_T5,trial_5,128,0.002134197081177113,1,512
MLP_alsfrs-r_T1-T2-T3_T5,trial_48,16,2.6130523069875756e-05,1,256
MLP_alsfrs-r_T1-T2-T3_T5,trial_2,128,4.186691942522856e-05,3,128
MLP_alsfrs-r_T1-T2-T3_T5,trial_46,16,3.1315120614772795e-05,1,256
MLP_alsfrs-r_T1-T2-T3_T5,trial_41,16,1.0061979900498452e-05,2,256
MLP_alsfrs-r_T1-T2-T3_T5,trial_22,32,0.0001761648820668507,5,1024
MLP_alsfrs-r_T1-T2-T3_T5,trial_25,32,2.403534079258678e-05,5,128
MLP_alsfrs-r_T1-T2-T3_T5,trial_13,32,0.0005791663359702374,4,1024
MLP_alsfrs-r_T1-T2-T3_T5,trial_14,32,9.150537295298375e-05,5,512
MLP_alsfrs-r_T1-T2-T3_T5,trial_40,16,1.7358107314241663e-05,2,256
MLP_alsfrs-r_T1-T2-T3_T5,trial_47,16,1.3511799501562447e-05,1,256
MLP_alsfrs-r_T1-T2-T3_T5,trial_3,16,6.182418464999839e-05,5,512
MLP_alsfrs-r_T1-T2-T3_T5,trial_4,16,1.2210452110681194e-05,2,128
MLP_alsfrs-r_T1-T2-T3_T5,trial_49,16,7.394104126907411e-05,1,256
MLP_alsfrs-r_T1-T2-T3_T5,trial_32,128,0.0005065576799896925,5,512
MLP_alsfrs-r_T1-T2-T3_T5,trial_35,128,4.5584859563487204e-05,5,128
MLP_alsfrs-r_T1-T2-T3_T5,trial_34,16,3.8912935650418955e-05,3,1024
MLP_alsfrs-r_T1-T2-T3_T5,trial_33,64,0.006487710984100612,3,64
MLP_alsfrs-r_T1-T2-T3_T5,trial_1,64,1.659814426429604e-05,3,256
MLP_alsfrs-r_T1-T2-T3_T5,trial_6,16,0.00020086487610504095,3,64
MLP_alsfrs-r_T1-T2-T3_T5,trial_42,16,1.5994727711185083e-05,1,256
MLP_alsfrs-r_T1-T2-T3_T5,trial_45,16,1.7619365223902735e-05,1,256
MLP_alsfrs-r_T1-T2-T3_T5,trial_8,64,0.0024962364757374084,5,32
MLP_alsfrs-r_T1-T2-T3_T5,trial_11,32,0.00014116206727604093,5,1024
MLP_alsfrs-r_T1-T2-T3_T5,trial_29,64,0.00130708472361153,4,64
MLP_alsfrs-r_T1-T2-T3_T5,trial_16,16,0.008937118339040805,4,32
MLP_alsfrs-r_T1-T2-T3_T5,trial_20,128,0.0011889219244318975,2,512
MLP_alsfrs-r_T1-T2-T3_T5,trial_18,16,0.0009045684710531122,2,32
MLP_alsfrs-r_T1-T2-T3_T5,trial_27,64,0.004513369230089719,3,64
MLP_alsfrs-r_T1-T2-T3_T5,trial_44,16,1.631797280433172e-05,1,256
MLP_alsfrs-r_T1-T2-T3_T5,trial_9,16,1.2672423300550026e-05,4,512
MLP_alsfrs-r_T1-T2-T3_T5,trial_43,16,1.881008380198494e-05,1,256
MLP_alsfrs-r_T1-T2-T3_T5,trial_7,16,2.854652095377762e-05,1,64
MLP_alsfrs-r_T1-T2-T3_T5,trial_0,64,0.0004978902216310561,4,256
MLP_alsfrs-r_T1-T2-T3_T5,trial_19,16,0.0031212106665604164,4,512
MLP_alsfrs-r_T1-T2-T3_T5,trial_26,64,0.00449087489695952,4,64
MLP_alsfrs-r_T1-T2-T3_T5,trial_21,32,6.03674850646464e-05,5,1024
MLP_alsfrs-r_T1-T2-T3_T5,trial_28,64,0.004446354129753496,4,64
MLP_alsfrs-r_T1-T2-T3_T5,trial_17,16,0.00936005119812096,4,32
MLP_alsfrs-r_T1-T2-T3_T5,trial_10,32,0.00016379993784666183,5,1024
MLP_alsfrs-r_T1-T2_T5,trial_36,16,0.001803301697456235,4,1024
MLP_alsfrs-r_T1-T2_T5,trial_31,16,0.005026061507574557,4,64
MLP_alsfrs-r_T1-T2_T5,trial_38,32,0.001051015453244102,3,512
MLP_alsfrs-r_T1-T2_T5,trial_39,128,0.004590148164519042,3,512
MLP_alsfrs-r_T1-T2_T5,trial_30,16,4.380226346170995e-05,4,1024
MLP_alsfrs-r_T1-T2_T5,trial_37,16,0.003225469135041931,3,512
MLP_alsfrs-r_T1-T2_T5,trial_15,16,0.009298125132668332,2,256
MLP_alsfrs-r_T1-T2_T5,trial_12,16,0.008282527897940317,2,128
MLP_alsfrs-r_T1-T2_T5,trial_24,16,0.0006098434140123911,4,64
MLP_alsfrs-r_T1-T2_T5,trial_23,16,0.0010710630196798373,3,64
MLP_alsfrs-r_T1-T2_T5,trial_5,64,0.00033572051344416876,1,128
MLP_alsfrs-r_T1-T2_T5,trial_48,16,1.0428598215554754e-05,3,64
MLP_alsfrs-r_T1-T2_T5,trial_2,16,0.0015278686421671976,1,512
MLP_alsfrs-r_T1-T2_T5,trial_46,16,0.0003859858934833535,3,32
MLP_alsfrs-r_T1-T2_T5,trial_41,16,0.0030228283095522666,4,512
MLP_alsfrs-r_T1-T2_T5,trial_22,16,0.002659695372131747,3,64
MLP_alsfrs-r_T1-T2_T5,trial_25,16,0.0023282780602280517,3,32
MLP_alsfrs-r_T1-T2_T5,trial_13,16,0.0037325405252942685,2,128
MLP_alsfrs-r_T1-T2_T5,trial_14,16,0.004536572331810603,2,128
MLP_alsfrs-r_T1-T2_T5,trial_40,64,0.0005064139446884758,3,512
MLP_alsfrs-r_T1-T2_T5,trial_47,128,0.006964099354380395,4,256
MLP_alsfrs-r_T1-T2_T5,trial_3,32,0.000335425695766428,5,512
MLP_alsfrs-r_T1-T2_T5,trial_4,32,1.0666274409456923e-05,5,1024
MLP_alsfrs-r_T1-T2_T5,trial_49,16,0.000204937835560921,2,512
MLP_alsfrs-r_T1-T2_T5,trial_32,16,0.002384435252795035,5,64
MLP_alsfrs-r_T1-T2_T5,trial_35,16,0.009951104931679796,4,256
MLP_alsfrs-r_T1-T2_T5,trial_34,32,0.0057509042753151815,5,32
MLP_alsfrs-r_T1-T2_T5,trial_33,16,0.0012431230451952764,4,64
MLP_alsfrs-r_T1-T2_T5,trial_1,32,0.0002748656065730349,5,128
MLP_alsfrs-r_T1-T2_T5,trial_6,128,0.0019047931710922269,4,512
MLP_alsfrs-r_T1-T2_T5,trial_42,16,0.0019369051806938297,5,64
MLP_alsfrs-r_T1-T2_T5,trial_45,16,0.001548808096124478,5,1024
MLP_alsfrs-r_T1-T2_T5,trial_8,32,2.4734769931976682e-05,3,256
MLP_alsfrs-r_T1-T2_T5,trial_11,16,0.006768522369963276,2,128
MLP_alsfrs-r_T1-T2_T5,trial_29,128,0.00010492964745708207,4,64
MLP_alsfrs-r_T1-T2_T5,trial_16,16,0.0033867401481796912,3,64
MLP_alsfrs-r_T1-T2_T5,trial_20,64,0.00016912047133407678,4,64
MLP_alsfrs-r_T1-T2_T5,trial_18,16,0.0006912370749206138,4,64
MLP_alsfrs-r_T1-T2_T5,trial_27,16,0.005997059187647158,4,64
MLP_alsfrs-r_T1-T2_T5,trial_44,32,0.0042065485525425,4,64
MLP_alsfrs-r_T1-T2_T5,trial_9,128,0.001415518142612446,1,128
MLP_alsfrs-r_T1-T2_T5,trial_43,16,0.006625888488846272,3,512
MLP_alsfrs-r_T1-T2_T5,trial_7,128,0.0007904401110914729,3,32
MLP_alsfrs-r_T1-T2_T5,trial_0,128,6.932938083990952e-05,4,1024
MLP_alsfrs-r_T1-T2_T5,trial_19,16,0.0029369845227490555,3,64
MLP_alsfrs-r_T1-T2_T5,trial_26,16,0.004901456682706803,4,64
MLP_alsfrs-r_T1-T2_T5,trial_21,16,0.0034231697174903104,3,64
MLP_alsfrs-r_T1-T2_T5,trial_28,64,0.0055190454590356005,5,64
MLP_alsfrs-r_T1-T2_T5,trial_17,16,0.0032424446727779017,4,64
MLP_alsfrs-r_T1-T2_T5,trial_10,64,0.008370366821342911,2,64
MLP_alsfrs-r_T2-T3_T5,trial_36,16,3.0530095669072064e-05,3,1024
MLP_alsfrs-r_T2-T3_T5,trial_31,16,7.037800302017762e-05,3,1024
MLP_alsfrs-r_T2-T3_T5,trial_38,16,8.582171627904646e-05,4,512
MLP_alsfrs-r_T2-T3_T5,trial_39,64,4.317043033046735e-05,5,1024
MLP_alsfrs-r_T2-T3_T5,trial_30,16,3.2993461189738296e-05,4,1024
MLP_alsfrs-r_T2-T3_T5,trial_37,64,1.1742411027345357e-05,3,128
MLP_alsfrs-r_T2-T3_T5,trial_15,32,2.8506671127012797e-05,1,1024
MLP_alsfrs-r_T2-T3_T5,trial_12,128,9.600436565814172e-05,2,64
MLP_alsfrs-r_T2-T3_T5,trial_24,16,7.48051799205474e-05,3,1024
MLP_alsfrs-r_T2-T3_T5,trial_23,16,6.798144701080051e-05,3,1024
MLP_alsfrs-r_T2-T3_T5,trial_5,16,0.0011916669422462277,3,512
MLP_alsfrs-r_T2-T3_T5,trial_48,16,0.00010614247795947654,2,1024
MLP_alsfrs-r_T2-T3_T5,trial_2,16,0.009778437070721286,3,1024
MLP_alsfrs-r_T2-T3_T5,trial_46,16,2.1513471005496245e-05,2,256
MLP_alsfrs-r_T2-T3_T5,trial_41,16,0.0001031404343870119,3,1024
MLP_alsfrs-r_T2-T3_T5,trial_22,16,0.0001600738699749111,2,1024
MLP_alsfrs-r_T2-T3_T5,trial_25,16,5.697759099745341e-05,3,1024
MLP_alsfrs-r_T2-T3_T5,trial_13,32,0.00015583267005052871,1,1024
MLP_alsfrs-r_T2-T3_T5,trial_14,16,0.00014682556718128664,2,1024
MLP_alsfrs-r_T2-T3_T5,trial_40,128,0.0018014135696302553,3,1024
MLP_alsfrs-r_T2-T3_T5,trial_47,64,3.3773549814154955e-05,3,32
MLP_alsfrs-r_T2-T3_T5,trial_3,128,0.002144096420951286,5,128
MLP_alsfrs-r_T2-T3_T5,trial_4,32,0.0010188742662525644,1,1024
MLP_alsfrs-r_T2-T3_T5,trial_49,16,0.00021498786952166605,3,64
MLP_alsfrs-r_T2-T3_T5,trial_32,16,5.9844085937196166e-05,3,1024
MLP_alsfrs-r_T2-T3_T5,trial_35,16,0.005239172318970925,4,1024
MLP_alsfrs-r_T2-T3_T5,trial_34,128,1.8193938621006226e-05,3,1024
MLP_alsfrs-r_T2-T3_T5,trial_33,16,6.293850130336205e-05,3,32
MLP_alsfrs-r_T2-T3_T5,trial_1,32,0.0035124120048624268,1,512
MLP_alsfrs-r_T2-T3_T5,trial_6,64,0.000674677732752868,4,512
MLP_alsfrs-r_T2-T3_T5,trial_42,16,0.0002234607577804689,3,1024
MLP_alsfrs-r_T2-T3_T5,trial_45,16,6.897576800444206e-05,3,1024
MLP_alsfrs-r_T2-T3_T5,trial_8,64,0.0005235238547426509,2,256
MLP_alsfrs-r_T2-T3_T5,trial_11,16,0.00013263342495829425,2,1024
MLP_alsfrs-r_T2-T3_T5,trial_29,16,0.0002915097556125365,5,256
MLP_alsfrs-r_T2-T3_T5,trial_16,16,0.00021455248521332732,2,64
MLP_alsfrs-r_T2-T3_T5,trial_20,16,0.0003156839203109264,1,1024
MLP_alsfrs-r_T2-T3_T5,trial_18,32,0.00032068465778066317,2,256
MLP_alsfrs-r_T2-T3_T5,trial_27,16,5.4960916701847734e-05,3,128
MLP_alsfrs-r_T2-T3_T5,trial_44,16,5.072094003024249e-05,4,512
MLP_alsfrs-r_T2-T3_T5,trial_9,32,0.0008423170095689495,2,1024
MLP_alsfrs-r_T2-T3_T5,trial_43,16,6.711066002806431e-05,2,1024
MLP_alsfrs-r_T2-T3_T5,trial_7,64,1.6618984082120075e-05,3,512
MLP_alsfrs-r_T2-T3_T5,trial_0,16,0.009627657813231242,4,512
MLP_alsfrs-r_T2-T3_T5,trial_19,16,4.16457501327583e-05,4,32
MLP_alsfrs-r_T2-T3_T5,trial_26,16,1.0647807242606712e-05,4,1024
MLP_alsfrs-r_T2-T3_T5,trial_21,16,0.0001284686265384323,2,1024
MLP_alsfrs-r_T2-T3_T5,trial_28,16,2.193182693006971e-05,3,64
MLP_alsfrs-r_T2-T3_T5,trial_17,128,4.5626861675075517e-05,1,128
MLP_alsfrs-r_T2-T3_T5,trial_10,32,9.174015522309168e-05,1,32
MLP_alsfrs-r_T2-T3-T4_T5,trial_36,64,0.0009161687032198037,5,128
MLP_alsfrs-r_T2-T3-T4_T5,trial_31,32,0.0013681143640876384,4,512
MLP_alsfrs-r_T2-T3-T4_T5,trial_38,64,0.004810377966548312,4,256
MLP_alsfrs-r_T2-T3-T4_T5,trial_39,32,0.0018734335198125139,1,512
MLP_alsfrs-r_T2-T3-T4_T5,trial_30,32,9.353543513298112e-05,3,512
MLP_alsfrs-r_T2-T3-T4_T5,trial_37,32,1.3569136286984656e-05,5,512
MLP_alsfrs-r_T2-T3-T4_T5,trial_15,128,0.0021357813417161794,4,64
MLP_alsfrs-r_T2-T3-T4_T5,trial_12,128,3.69099213482199e-05,2,64
MLP_alsfrs-r_T2-T3-T4_T5,trial_24,128,0.0029382683085849167,3,64
MLP_alsfrs-r_T2-T3-T4_T5,trial_23,128,0.0011443422022220273,4,64
MLP_alsfrs-r_T2-T3-T4_T5,trial_5,16,0.0007901678177572635,1,256
MLP_alsfrs-r_T2-T3-T4_T5,trial_48,16,0.005421954097896441,4,1024
MLP_alsfrs-r_T2-T3-T4_T5,trial_2,64,0.00033236470515446805,1,128
MLP_alsfrs-r_T2-T3-T4_T5,trial_46,64,4.4121279072892074e-05,4,256
MLP_alsfrs-r_T2-T3-T4_T5,trial_41,64,0.0006183873740672068,4,512
MLP_alsfrs-r_T2-T3-T4_T5,trial_22,128,0.001327146960992474,4,64
MLP_alsfrs-r_T2-T3-T4_T5,trial_25,128,0.0005013662086036248,5,64
MLP_alsfrs-r_T2-T3-T4_T5,trial_13,128,0.0024654136240486856,4,64
MLP_alsfrs-r_T2-T3-T4_T5,trial_14,128,0.0028282905806265557,4,64
MLP_alsfrs-r_T2-T3-T4_T5,trial_40,32,0.00048748799251028884,3,128
MLP_alsfrs-r_T2-T3-T4_T5,trial_47,32,0.00038453977541713397,3,512
MLP_alsfrs-r_T2-T3-T4_T5,trial_3,32,0.006664207485405559,2,256
MLP_alsfrs-r_T2-T3-T4_T5,trial_4,128,0.0017101489585898402,3,256
MLP_alsfrs-r_T2-T3-T4_T5,trial_49,64,0.0023263790923109197,5,512
MLP_alsfrs-r_T2-T3-T4_T5,trial_32,64,0.0005410444238451373,4,512
MLP_alsfrs-r_T2-T3-T4_T5,trial_35,64,0.0002552323193862372,5,1024
MLP_alsfrs-r_T2-T3-T4_T5,trial_34,64,0.0003036909578017027,5,512
MLP_alsfrs-r_T2-T3-T4_T5,trial_33,64,0.0005192356951020356,5,512
MLP_alsfrs-r_T2-T3-T4_T5,trial_1,64,1.8242695421605588e-05,5,1024
MLP_alsfrs-r_T2-T3-T4_T5,trial_6,128,0.000666097224838424,4,128
MLP_alsfrs-r_T2-T3-T4_T5,trial_42,64,0.00025042885629580924,4,512
MLP_alsfrs-r_T2-T3-T4_T5,trial_45,16,0.0009714200439952148,5,512
MLP_alsfrs-r_T2-T3-T4_T5,trial_8,128,0.007102766281899687,2,512
MLP_alsfrs-r_T2-T3-T4_T5,trial_11,128,0.008375814701139546,2,64
MLP_alsfrs-r_T2-T3-T4_T5,trial_29,32,7.198472514075049e-05,5,512
MLP_alsfrs-r_T2-T3-T4_T5,trial_16,128,0.0034907855595989155,4,64
MLP_alsfrs-r_T2-T3-T4_T5,trial_20,128,0.0043163998214380585,5,64
MLP_alsfrs-r_T2-T3-T4_T5,trial_18,32,0.003793673078587354,5,1024
MLP_alsfrs-r_T2-T3-T4_T5,trial_27,32,0.00018433701579745397,4,512
MLP_alsfrs-r_T2-T3-T4_T5,trial_44,64,0.00011797666425114326,3,32
MLP_alsfrs-r_T2-T3-T4_T5,trial_9,128,0.00038830510990639283,3,32
MLP_alsfrs-r_T2-T3-T4_T5,trial_43,64,0.00070397313994816,4,512
MLP_alsfrs-r_T2-T3-T4_T5,trial_7,32,0.00017406372766781044,3,512
MLP_alsfrs-r_T2-T3-T4_T5,trial_0,64,0.0022842381011571357,3,32
MLP_alsfrs-r_T2-T3-T4_T5,trial_19,128,0.00017314505611400711,4,64
MLP_alsfrs-r_T2-T3-T4_T5,trial_26,32,0.0015724254427695328,4,512
MLP_alsfrs-r_T2-T3-T4_T5,trial_21,128,0.0013596295187083825,4,64
MLP_alsfrs-r_T2-T3-T4_T5,trial_28,32,0.00017639567288267222,3,512
MLP_alsfrs-r_T2-T3-T4_T5,trial_17,16,0.0008655548152174154,4,64
MLP_alsfrs-r_T2-T3-T4_T5,trial_10,16,8.053735261531088e-05,5,32
MLP_alsfrs-r_T1-T2_T4,trial_36,128,7.440692612741512e-05,4,32
MLP_alsfrs-r_T1-T2_T4,trial_31,128,0.0004593483689458325,5,1024
MLP_alsfrs-r_T1-T2_T4,trial_38,64,0.00013991961527401721,3,1024
MLP_alsfrs-r_T1-T2_T4,trial_39,16,0.00023812592890744267,4,32
MLP_alsfrs-r_T1-T2_T4,trial_30,128,0.00027581392037654556,4,512
MLP_alsfrs-r_T1-T2_T4,trial_37,128,1.9191134239096547e-05,5,64
MLP_alsfrs-r_T1-T2_T4,trial_15,128,1.1922695587989152e-05,4,512
MLP_alsfrs-r_T1-T2_T4,trial_12,128,0.0007171410106937364,1,1024
MLP_alsfrs-r_T1-T2_T4,trial_24,128,0.00020907606542275612,4,512
MLP_alsfrs-r_T1-T2_T4,trial_23,128,3.060493960813519e-05,3,64
MLP_alsfrs-r_T1-T2_T4,trial_5,128,0.00046068530864173984,5,1024
MLP_alsfrs-r_T1-T2_T4,trial_48,64,1.820189559158347e-05,2,32
MLP_alsfrs-r_T1-T2_T4,trial_2,128,0.0021475794795692074,3,256
MLP_alsfrs-r_T1-T2_T4,trial_46,128,1.1085661075710503e-05,4,1024
MLP_alsfrs-r_T1-T2_T4,trial_41,128,1.8589952887853395e-05,3,64
MLP_alsfrs-r_T1-T2_T4,trial_22,128,0.009582869105948319,4,64
MLP_alsfrs-r_T1-T2_T4,trial_25,128,0.001030854877514648,2,64
MLP_alsfrs-r_T1-T2_T4,trial_13,128,0.00045851502283231216,2,1024
MLP_alsfrs-r_T1-T2_T4,trial_14,128,0.000349701354062773,2,1024
MLP_alsfrs-r_T1-T2_T4,trial_40,32,7.618197177667217e-05,5,512
MLP_alsfrs-r_T1-T2_T4,trial_47,128,0.0008029190757956105,1,256
MLP_alsfrs-r_T1-T2_T4,trial_3,16,0.000165793098524408,5,64
MLP_alsfrs-r_T1-T2_T4,trial_4,128,7.644079410330883e-05,2,1024
MLP_alsfrs-r_T1-T2_T4,trial_49,32,0.0004009556146885273,4,512
MLP_alsfrs-r_T1-T2_T4,trial_32,128,0.0004491480803700635,5,1024
MLP_alsfrs-r_T1-T2_T4,trial_35,128,0.0019480155929265791,3,256
MLP_alsfrs-r_T1-T2_T4,trial_34,128,0.004462428023714448,5,1024
MLP_alsfrs-r_T1-T2_T4,trial_33,128,0.001109646177147132,5,1024
MLP_alsfrs-r_T1-T2_T4,trial_1,128,0.00436994186182153,5,32
MLP_alsfrs-r_T1-T2_T4,trial_6,64,2.614153544427127e-05,3,32
MLP_alsfrs-r_T1-T2_T4,trial_42,128,3.841643343542803e-05,3,64
MLP_alsfrs-r_T1-T2_T4,trial_45,128,0.00011051218874417719,3,1024
MLP_alsfrs-r_T1-T2_T4,trial_8,32,4.98391846551215e-05,1,1024
MLP_alsfrs-r_T1-T2_T4,trial_11,128,0.00055618743036121,1,1024
MLP_alsfrs-r_T1-T2_T4,trial_29,16,0.00013335652203045372,2,128
MLP_alsfrs-r_T1-T2_T4,trial_16,32,1.3176638291356297e-05,4,512
MLP_alsfrs-r_T1-T2_T4,trial_20,128,0.0014114429004208541,3,512
MLP_alsfrs-r_T1-T2_T4,trial_18,16,1.2884862308317083e-05,2,128
MLP_alsfrs-r_T1-T2_T4,trial_27,64,3.0069961036345837e-05,3,64
MLP_alsfrs-r_T1-T2_T4,trial_44,128,3.828843864703715e-05,2,64
MLP_alsfrs-r_T1-T2_T4,trial_9,32,0.004902726631482775,4,256
MLP_alsfrs-r_T1-T2_T4,trial_43,128,5.834428495300474e-05,1,64
MLP_alsfrs-r_T1-T2_T4,trial_7,64,9.722229203931998e-05,5,32
MLP_alsfrs-r_T1-T2_T4,trial_0,16,0.0001013617601182365,2,128
MLP_alsfrs-r_T1-T2_T4,trial_19,128,0.00022295273161040486,4,64
MLP_alsfrs-r_T1-T2_T4,trial_26,16,0.0002911327541749454,4,256
MLP_alsfrs-r_T1-T2_T4,trial_21,128,0.000177922912385561,4,64
MLP_alsfrs-r_T1-T2_T4,trial_28,32,4.79869084968822e-05,5,128
MLP_alsfrs-r_T1-T2_T4,trial_17,64,0.0019838142269505104,3,512
MLP_alsfrs-r_T1-T2_T4,trial_10,128,0.0007372981663198578,4,512
MLP_alsfrs-r_T1_T4,trial_36,32,0.009785210976990763,3,32
MLP_alsfrs-r_T1_T4,trial_31,32,0.0003253830681094824,3,32
MLP_alsfrs-r_T1_T4,trial_38,64,0.0002772530169422041,2,256
MLP_alsfrs-r_T1_T4,trial_39,128,8.693383968871796e-05,2,1024
MLP_alsfrs-r_T1_T4,trial_30,32,0.0003075793500672829,3,32
MLP_alsfrs-r_T1_T4,trial_37,32,0.0008882322045522097,3,128
MLP_alsfrs-r_T1_T4,trial_15,128,8.885803542685411e-05,1,512
MLP_alsfrs-r_T1_T4,trial_12,32,0.0005652158857526176,2,512
MLP_alsfrs-r_T1_T4,trial_24,32,0.00363414031859655,4,64
MLP_alsfrs-r_T1_T4,trial_23,32,0.0029161343238202093,3,64
MLP_alsfrs-r_T1_T4,trial_5,16,0.00023287621433198963,5,1024
MLP_alsfrs-r_T1_T4,trial_48,64,0.006080578263674995,5,128
MLP_alsfrs-r_T1_T4,trial_2,128,4.574617670916513e-05,4,128
MLP_alsfrs-r_T1_T4,trial_46,32,9.970341816929401e-05,3,32
MLP_alsfrs-r_T1_T4,trial_41,32,0.0004120869833787565,4,32
MLP_alsfrs-r_T1_T4,trial_22,32,0.0010774783761484674,4,32
MLP_alsfrs-r_T1_T4,trial_25,32,0.00295431071025901,3,64
MLP_alsfrs-r_T1_T4,trial_13,128,0.00014926927166557057,1,64
MLP_alsfrs-r_T1_T4,trial_14,16,1.3343889786447766e-05,3,32
MLP_alsfrs-r_T1_T4,trial_40,16,4.020089429223207e-05,4,64
MLP_alsfrs-r_T1_T4,trial_47,16,0.001188874690180349,2,512
MLP_alsfrs-r_T1_T4,trial_3,16,5.6004945903276985e-05,1,256
MLP_alsfrs-r_T1_T4,trial_4,16,2.777872177663619e-05,1,512
MLP_alsfrs-r_T1_T4,trial_49,128,0.00026884890252460727,3,32
MLP_alsfrs-r_T1_T4,trial_32,32,0.00017290393536021042,3,32
MLP_alsfrs-r_T1_T4,trial_35,64,0.0002033136635352843,2,64
MLP_alsfrs-r_T1_T4,trial_34,32,6.88593069899102e-05,3,128
MLP_alsfrs-r_T1_T4,trial_33,32,0.00013655799859370462,3,32
MLP_alsfrs-r_T1_T4,trial_1,128,0.004693354756475466,5,128
MLP_alsfrs-r_T1_T4,trial_6,16,0.001491177336903649,2,128
MLP_alsfrs-r_T1_T4,trial_42,32,0.00018518167946145075,5,32
MLP_alsfrs-r_T1_T4,trial_45,32,0.002031838214340899,3,256
MLP_alsfrs-r_T1_T4,trial_8,64,0.001460062032557218,5,256
MLP_alsfrs-r_T1_T4,trial_11,64,1.0284671863204482e-05,1,32
MLP_alsfrs-r_T1_T4,trial_29,32,0.00013177087763431979,2,1024
MLP_alsfrs-r_T1_T4,trial_16,64,0.0005912743831281922,2,64
MLP_alsfrs-r_T1_T4,trial_20,32,0.00037596012628407765,4,32
MLP_alsfrs-r_T1_T4,trial_18,64,0.005116085468029528,3,64
MLP_alsfrs-r_T1_T4,trial_27,32,0.008943594567364372,4,64
MLP_alsfrs-r_T1_T4,trial_44,32,0.0005945708565229817,4,32
MLP_alsfrs-r_T1_T4,trial_9,32,0.0015601495220894507,2,512
MLP_alsfrs-r_T1_T4,trial_43,32,0.00040180058351763206,3,32
MLP_alsfrs-r_T1_T4,trial_7,16,3.2038913429348104e-05,5,256
MLP_alsfrs-r_T1_T4,trial_0,128,0.00043264228242870657,1,32
MLP_alsfrs-r_T1_T4,trial_19,64,0.0006269444906967339,2,1024
MLP_alsfrs-r_T1_T4,trial_26,32,0.002224770608081797,3,64
MLP_alsfrs-r_T1_T4,trial_21,32,0.00039193736995495943,4,32
MLP_alsfrs-r_T1_T4,trial_28,64,0.0008598415715372551,4,64
MLP_alsfrs-r_T1_T4,trial_17,64,0.0005418823059103749,2,64
MLP_alsfrs-r_T1_T4,trial_10,128,0.00022964768877808874,3,32
MLP_alsfrs-r_T1_T2,trial_36,16,4.55189471925075e-05,2,1024
MLP_alsfrs-r_T1_T2,trial_31,16,0.00011871524961125082,1,512
MLP_alsfrs-r_T1_T2,trial_38,64,4.6704398271409964e-05,1,512
MLP_alsfrs-r_T1_T2,trial_39,16,0.00033206638075006543,1,32
MLP_alsfrs-r_T1_T2,trial_30,16,0.0003504245444298825,3,64
MLP_alsfrs-r_T1_T2,trial_37,128,0.00010164921917926606,2,512
MLP_alsfrs-r_T1_T2,trial_15,16,8.406202117339407e-05,2,512
MLP_alsfrs-r_T1_T2,trial_12,128,0.0006470995444986008,4,256
MLP_alsfrs-r_T1_T2,trial_24,16,0.00013971569142102016,1,512
MLP_alsfrs-r_T1_T2,trial_23,16,0.0001444193395928977,1,512
MLP_alsfrs-r_T1_T2,trial_5,64,0.00025127336856410837,1,512
MLP_alsfrs-r_T1_T2,trial_48,16,5.687591053352332e-05,1,64
MLP_alsfrs-r_T1_T2,trial_2,16,4.63863525426752e-05,2,256
MLP_alsfrs-r_T1_T2,trial_46,64,1.3334419196221065e-05,1,32
MLP_alsfrs-r_T1_T2,trial_41,16,1.7788739500218253e-05,1,512
MLP_alsfrs-r_T1_T2,trial_22,16,0.0004988756416578806,1,512
MLP_alsfrs-r_T1_T2,trial_25,16,3.8729815272535626e-05,2,512
MLP_alsfrs-r_T1_T2,trial_13,32,1.0137464339787042e-05,4,1024
MLP_alsfrs-r_T1_T2,trial_14,16,7.669380521449102e-05,2,512
MLP_alsfrs-r_T1_T2,trial_40,32,0.0001866539738020941,2,512
MLP_alsfrs-r_T1_T2,trial_47,16,2.533799796878988e-05,2,512
MLP_alsfrs-r_T1_T2,trial_3,128,0.0037075012110918304,1,32
MLP_alsfrs-r_T1_T2,trial_4,32,0.007844228705538008,5,32
MLP_alsfrs-r_T1_T2,trial_49,32,1.3129151895322032e-05,1,512
MLP_alsfrs-r_T1_T2,trial_32,16,5.3473759967933616e-05,2,512
MLP_alsfrs-r_T1_T2,trial_35,32,0.00023762720193816052,1,512
MLP_alsfrs-r_T1_T2,trial_34,16,2.7215242417819416e-05,1,128
MLP_alsfrs-r_T1_T2,trial_33,16,2.1324020385211468e-05,1,512
MLP_alsfrs-r_T1_T2,trial_1,32,1.7929179256293413e-05,2,1024
MLP_alsfrs-r_T1_T2,trial_6,64,0.0014398246652640328,2,32
MLP_alsfrs-r_T1_T2,trial_42,16,1.423268738866825e-05,1,512
MLP_alsfrs-r_T1_T2,trial_45,16,0.0016977561918699367,2,128
MLP_alsfrs-r_T1_T2,trial_8,64,0.00897633665706993,5,256
MLP_alsfrs-r_T1_T2,trial_11,16,8.193817153322255e-05,4,64
MLP_alsfrs-r_T1_T2,trial_29,128,1.9859730474080855e-05,3,128
MLP_alsfrs-r_T1_T2,trial_16,16,3.736274825977683e-05,1,512
MLP_alsfrs-r_T1_T2,trial_20,128,2.9520808247947796e-05,1,64
MLP_alsfrs-r_T1_T2,trial_18,16,0.00015880584521839179,1,512
MLP_alsfrs-r_T1_T2,trial_27,16,1.7020077506912495e-05,3,512
MLP_alsfrs-r_T1_T2,trial_44,16,2.097875504348396e-05,1,256
MLP_alsfrs-r_T1_T2,trial_9,32,3.08477050917317e-05,3,32
MLP_alsfrs-r_T1_T2,trial_43,16,1.4154766610606649e-05,1,512
MLP_alsfrs-r_T1_T2,trial_7,16,0.0033469498208660354,5,128
MLP_alsfrs-r_T1_T2,trial_0,32,0.00023755456478031364,2,128
MLP_alsfrs-r_T1_T2,trial_19,16,0.0006964796724871424,1,512
MLP_alsfrs-r_T1_T2,trial_26,16,1.7590785809101734e-05,3,512
MLP_alsfrs-r_T1_T2,trial_21,16,0.0001274786338028165,1,512
MLP_alsfrs-r_T1_T2,trial_28,64,1.017369505873937e-05,4,1024
MLP_alsfrs-r_T1_T2,trial_17,16,0.00012178227131097418,1,512
MLP_alsfrs-r_T1_T2,trial_10,16,6.60418677343586e-05,3,256
MLP_alsfrs-r_T2_T3,trial_36,64,0.00016044698239414454,3,64
MLP_alsfrs-r_T2_T3,trial_31,32,0.0001035329092586955,2,128
MLP_alsfrs-r_T2_T3,trial_38,64,0.0003513503509564833,5,256
MLP_alsfrs-r_T2_T3,trial_39,64,0.0009857244619562663,5,256
MLP_alsfrs-r_T2_T3,trial_30,128,0.0001554154991352379,1,32
MLP_alsfrs-r_T2_T3,trial_37,32,2.1473042423861793e-05,2,1024
MLP_alsfrs-r_T2_T3,trial_15,128,0.00039823503566350935,1,512
MLP_alsfrs-r_T2_T3,trial_12,32,6.210306477590533e-05,1,32
MLP_alsfrs-r_T2_T3,trial_24,32,3.562503984452748e-05,2,32
MLP_alsfrs-r_T2_T3,trial_23,32,1.8848564173755615e-05,1,32
MLP_alsfrs-r_T2_T3,trial_5,128,1.2598510888898474e-05,3,256
MLP_alsfrs-r_T2_T3,trial_48,64,0.0013786133265011344,5,256
MLP_alsfrs-r_T2_T3,trial_2,64,0.0011782605977367821,2,1024
MLP_alsfrs-r_T2_T3,trial_46,64,0.0027200409629784734,5,256
MLP_alsfrs-r_T2_T3,trial_41,64,0.0026485914462717774,5,256
MLP_alsfrs-r_T2_T3,trial_22,32,8.57659648549552e-05,2,32
MLP_alsfrs-r_T2_T3,trial_25,32,0.0002245104452629956,1,256
MLP_alsfrs-r_T2_T3,trial_13,128,0.0006156221817128263,1,128
MLP_alsfrs-r_T2_T3,trial_14,32,6.732053353806543e-05,2,32
MLP_alsfrs-r_T2_T3,trial_40,64,0.002238135340644266,5,256
MLP_alsfrs-r_T2_T3,trial_47,64,0.008379551581553313,4,256
MLP_alsfrs-r_T2_T3,trial_3,16,0.0001521566876037575,4,1024
MLP_alsfrs-r_T2_T3,trial_4,16,0.00017739502758162102,3,64
MLP_alsfrs-r_T2_T3,trial_49,64,0.004060395660878423,5,256
MLP_alsfrs-r_T2_T3,trial_32,32,0.00012110318345156275,2,128
MLP_alsfrs-r_T2_T3,trial_35,16,0.00023648734653030525,3,128
MLP_alsfrs-r_T2_T3,trial_34,32,6.170756125171028e-05,3,1024
MLP_alsfrs-r_T2_T3,trial_33,32,3.896715137101337e-05,2,128
MLP_alsfrs-r_T2_T3,trial_1,32,2.7079830224139937e-05,2,32
MLP_alsfrs-r_T2_T3,trial_6,64,5.2694731243785413e-05,3,64
MLP_alsfrs-r_T2_T3,trial_42,64,0.003978374819267196,5,256
MLP_alsfrs-r_T2_T3,trial_45,64,0.0060736440255096105,5,256
MLP_alsfrs-r_T2_T3,trial_8,64,0.002042071458774922,1,512
MLP_alsfrs-r_T2_T3,trial_11,32,4.5888850065529034e-05,1,32
MLP_alsfrs-r_T2_T3,trial_29,16,0.000271132212399567,2,256
MLP_alsfrs-r_T2_T3,trial_16,32,0.00011234660667547854,2,128
MLP_alsfrs-r_T2_T3,trial_20,128,0.0008610057347135545,4,512
MLP_alsfrs-r_T2_T3,trial_18,128,0.00044023788447187704,1,512
MLP_alsfrs-r_T2_T3,trial_27,16,9.660772989179494e-05,1,1024
MLP_alsfrs-r_T2_T3,trial_44,64,0.00270526347738748,5,256
MLP_alsfrs-r_T2_T3,trial_9,128,0.00017778938722601853,2,512
MLP_alsfrs-r_T2_T3,trial_43,64,0.003032846368525438,5,256
MLP_alsfrs-r_T2_T3,trial_7,64,1.344596171701256e-05,3,64
MLP_alsfrs-r_T2_T3,trial_0,16,0.00021761713189958438,2,256
MLP_alsfrs-r_T2_T3,trial_19,32,2.3572416712005706e-05,2,32
MLP_alsfrs-r_T2_T3,trial_26,128,3.998652751823509e-05,2,128
MLP_alsfrs-r_T2_T3,trial_21,32,2.472639124706671e-05,2,32
MLP_alsfrs-r_T2_T3,trial_28,32,1.0086825460346347e-05,3,512
MLP_alsfrs-r_T2_T3,trial_17,32,3.515631997649249e-05,4,32
MLP_alsfrs-r_T2_T3,trial_10,128,0.004985022841601279,5,512
MLP_alsfrs-r_T1_T3,trial_36,128,0.00027530555194891495,4,1024
MLP_alsfrs-r_T1_T3,trial_31,128,0.00723748521146065,2,32
MLP_alsfrs-r_T1_T3,trial_38,64,0.00012374114520952238,4,1024
MLP_alsfrs-r_T1_T3,trial_39,16,0.0003173250128862018,1,64
MLP_alsfrs-r_T1_T3,trial_30,16,0.0026793182443905854,1,32
MLP_alsfrs-r_T1_T3,trial_37,128,0.0007350903718400073,3,1024
MLP_alsfrs-r_T1_T3,trial_15,128,0.009472729951782919,2,512
MLP_alsfrs-r_T1_T3,trial_12,32,0.0017016007144282615,2,128
MLP_alsfrs-r_T1_T3,trial_24,128,0.0005580608281246826,2,32
MLP_alsfrs-r_T1_T3,trial_23,128,1.2779927697962487e-05,1,512
MLP_alsfrs-r_T1_T3,trial_5,16,6.524339604316458e-05,4,256
MLP_alsfrs-r_T1_T3,trial_48,64,0.00013182270847405132,3,256
MLP_alsfrs-r_T1_T3,trial_2,32,0.00018280681401106766,1,128
MLP_alsfrs-r_T1_T3,trial_46,16,5.4405015006560046e-05,1,64
MLP_alsfrs-r_T1_T3,trial_41,16,0.00025061049934112196,1,64
MLP_alsfrs-r_T1_T3,trial_22,128,0.009938905661178006,2,512
MLP_alsfrs-r_T1_T3,trial_25,128,0.00482972060743138,3,32
MLP_alsfrs-r_T1_T3,trial_13,32,0.0009804314421298125,2,32
MLP_alsfrs-r_T1_T3,trial_14,32,0.0032610544974481927,2,512
MLP_alsfrs-r_T1_T3,trial_40,16,0.0003705980521783625,1,64
MLP_alsfrs-r_T1_T3,trial_47,64,0.00013285586208036304,1,256
MLP_alsfrs-r_T1_T3,trial_3,128,2.7299873451592474e-05,3,1024
MLP_alsfrs-r_T1_T3,trial_4,64,4.618019317263025e-05,4,64
MLP_alsfrs-r_T1_T3,trial_49,64,0.00012079644275556709,1,256
MLP_alsfrs-r_T1_T3,trial_32,16,0.005152042812761001,1,32
MLP_alsfrs-r_T1_T3,trial_35,16,0.00015704640161868556,3,1024
MLP_alsfrs-r_T1_T3,trial_34,128,0.0002589656721198663,3,1024
MLP_alsfrs-r_T1_T3,trial_33,128,0.009749434548747606,1,64
MLP_alsfrs-r_T1_T3,trial_1,64,2.557621813188124e-05,1,1024
MLP_alsfrs-r_T1_T3,trial_6,32,8.126996879961784e-05,3,64
MLP_alsfrs-r_T1_T3,trial_42,16,0.00025155952333226364,1,64
MLP_alsfrs-r_T1_T3,trial_45,16,4.2709332347461875e-05,1,64
MLP_alsfrs-r_T1_T3,trial_8,16,0.00021648068913435626,3,1024
MLP_alsfrs-r_T1_T3,trial_11,32,0.0012224345369624137,2,128
MLP_alsfrs-r_T1_T3,trial_29,16,0.0008175481304147206,1,32
MLP_alsfrs-r_T1_T3,trial_16,128,0.007319547676982971,2,512
MLP_alsfrs-r_T1_T3,trial_20,128,0.003907491887380718,5,512
MLP_alsfrs-r_T1_T3,trial_18,128,0.0005119675805860045,2,512
MLP_alsfrs-r_T1_T3,trial_27,16,0.002657505718277618,1,32
MLP_alsfrs-r_T1_T3,trial_44,16,9.038074570472579e-05,1,64
MLP_alsfrs-r_T1_T3,trial_9,64,2.8340577961381292e-05,5,256
MLP_alsfrs-r_T1_T3,trial_43,16,0.00012829683441116827,1,64
MLP_alsfrs-r_T1_T3,trial_7,64,0.006066893080112895,1,256
MLP_alsfrs-r_T1_T3,trial_0,64,9.180663854912858e-05,1,256
MLP_alsfrs-r_T1_T3,trial_19,128,0.003501154547510226,3,512
MLP_alsfrs-r_T1_T3,trial_26,128,0.0021703326405449804,2,32
MLP_alsfrs-r_T1_T3,trial_21,128,0.0005563101635554635,2,512
MLP_alsfrs-r_T1_T3,trial_28,16,0.00044677705309478577,1,32
MLP_alsfrs-r_T1_T3,trial_17,128,0.007966859637440567,4,512
MLP_alsfrs-r_T1_T3,trial_10,32,0.0013574463069482856,2,128
MLP_alsfrs-r_T1-T3_T5,trial_36,128,0.0010874442608063584,1,1024
MLP_alsfrs-r_T1-T3_T5,trial_31,128,0.0019783877933317105,1,1024
MLP_alsfrs-r_T1-T3_T5,trial_38,128,0.0008749089975468826,1,1024
MLP_alsfrs-r_T1-T3_T5,trial_39,128,0.00048251346231127494,1,1024
MLP_alsfrs-r_T1-T3_T5,trial_30,128,0.002357912745898253,1,1024
MLP_alsfrs-r_T1-T3_T5,trial_37,128,0.0010866829402655129,2,1024
MLP_alsfrs-r_T1-T3_T5,trial_15,16,0.0014823267977715634,2,128
MLP_alsfrs-r_T1-T3_T5,trial_12,16,0.0016749988191439957,5,1024
MLP_alsfrs-r_T1-T3_T5,trial_24,128,0.0025654924328570726,1,128
MLP_alsfrs-r_T1-T3_T5,trial_23,16,0.003670911960733643,1,128
MLP_alsfrs-r_T1-T3_T5,trial_5,32,1.2751729022637153e-05,5,256
MLP_alsfrs-r_T1-T3_T5,trial_48,32,4.0144254754284834e-05,1,1024
MLP_alsfrs-r_T1-T3_T5,trial_2,64,0.0042924291187598825,3,64
MLP_alsfrs-r_T1-T3_T5,trial_46,128,0.00013122065384830705,5,64
MLP_alsfrs-r_T1-T3_T5,trial_41,128,0.00044793981856104415,1,1024
MLP_alsfrs-r_T1-T3_T5,trial_22,16,0.0032094621199308436,1,128
MLP_alsfrs-r_T1-T3_T5,trial_25,16,0.005557052180844013,1,1024
MLP_alsfrs-r_T1-T3_T5,trial_13,128,0.008464940531153736,4,64
MLP_alsfrs-r_T1-T3_T5,trial_14,64,0.00012209501757099844,3,512
MLP_alsfrs-r_T1-T3_T5,trial_40,128,0.0002040215129140428,1,1024
MLP_alsfrs-r_T1-T3_T5,trial_47,128,0.00043695867071547734,2,1024
MLP_alsfrs-r_T1-T3_T5,trial_3,64,0.006804227476363573,1,1024
MLP_alsfrs-r_T1-T3_T5,trial_4,32,0.004947635436139493,1,256
MLP_alsfrs-r_T1-T3_T5,trial_49,32,2.749419732510037e-05,1,1024
MLP_alsfrs-r_T1-T3_T5,trial_32,128,0.0056734654634403355,2,1024
MLP_alsfrs-r_T1-T3_T5,trial_35,128,0.004295438487028814,1,1024
MLP_alsfrs-r_T1-T3_T5,trial_34,128,0.006415225876486191,2,1024
MLP_alsfrs-r_T1-T3_T5,trial_33,128,0.0035133151258832963,1,1024
MLP_alsfrs-r_T1-T3_T5,trial_1,32,5.564477668649988e-05,2,64
MLP_alsfrs-r_T1-T3_T5,trial_6,16,0.009100857555035152,2,1024
MLP_alsfrs-r_T1-T3_T5,trial_42,128,0.00044593988125385875,1,1024
MLP_alsfrs-r_T1-T3_T5,trial_45,128,0.0002459265400631345,1,256
MLP_alsfrs-r_T1-T3_T5,trial_8,64,0.0021694577995746566,4,64
MLP_alsfrs-r_T1-T3_T5,trial_11,16,0.0012230954689838387,4,128
MLP_alsfrs-r_T1-T3_T5,trial_29,128,0.00357850206435314,1,256
MLP_alsfrs-r_T1-T3_T5,trial_16,16,0.0007151125639443237,2,128
MLP_alsfrs-r_T1-T3_T5,trial_20,16,0.00036750842756181457,1,128
MLP_alsfrs-r_T1-T3_T5,trial_18,16,0.00020518520234293522,2,32
MLP_alsfrs-r_T1-T3_T5,trial_27,16,0.0027809357160303422,1,32
MLP_alsfrs-r_T1-T3_T5,trial_44,32,7.944862938003613e-05,1,1024
MLP_alsfrs-r_T1-T3_T5,trial_9,64,3.269667474603532e-05,2,32
MLP_alsfrs-r_T1-T3_T5,trial_43,128,0.00023914198855908638,1,1024
MLP_alsfrs-r_T1-T3_T5,trial_7,32,0.0003492991703027339,2,1024
MLP_alsfrs-r_T1-T3_T5,trial_0,128,0.0030184676821021356,4,256
MLP_alsfrs-r_T1-T3_T5,trial_19,16,0.0009737905784647085,3,1024
MLP_alsfrs-r_T1-T3_T5,trial_26,16,0.00941897611890001,2,128
MLP_alsfrs-r_T1-T3_T5,trial_21,16,0.003121466120564522,1,128
MLP_alsfrs-r_T1-T3_T5,trial_28,16,0.0006231003308230156,2,512
MLP_alsfrs-r_T1-T3_T5,trial_17,16,0.009803465567748032,1,128
MLP_alsfrs-r_T1-T3_T5,trial_10,16,0.0006309620407012451,3,512
MLP_alsfrs-r_T1-T3-T4_T5,trial_36,128,1.956504404421297e-05,3,512
MLP_alsfrs-r_T1-T3-T4_T5,trial_31,16,3.693298254102576e-05,1,128
MLP_alsfrs-r_T1-T3-T4_T5,trial_38,128,1.8209973540027603e-05,3,512
MLP_alsfrs-r_T1-T3-T4_T5,trial_39,128,1.81259143120791e-05,3,512
MLP_alsfrs-r_T1-T3-T4_T5,trial_30,16,3.351399165871583e-05,1,128
MLP_alsfrs-r_T1-T3-T4_T5,trial_37,128,2.0263771823268765e-05,3,512
MLP_alsfrs-r_T1-T3-T4_T5,trial_15,16,3.597063520121917e-05,2,128
MLP_alsfrs-r_T1-T3-T4_T5,trial_12,16,0.00023528156235413589,1,128
MLP_alsfrs-r_T1-T3-T4_T5,trial_24,16,2.084121718934218e-05,2,128
MLP_alsfrs-r_T1-T3-T4_T5,trial_23,16,0.009609352305204278,1,256
MLP_alsfrs-r_T1-T3-T4_T5,trial_5,32,1.4924626593516703e-05,5,32
MLP_alsfrs-r_T1-T3-T4_T5,trial_48,128,4.726136317276531e-05,5,512
MLP_alsfrs-r_T1-T3-T4_T5,trial_2,128,0.002737250223665232,5,512
MLP_alsfrs-r_T1-T3-T4_T5,trial_46,128,1.1242119365754402e-05,4,512
MLP_alsfrs-r_T1-T3-T4_T5,trial_41,128,1.7455346843456498e-05,3,512
MLP_alsfrs-r_T1-T3-T4_T5,trial_22,16,4.355197760410558e-05,1,128
MLP_alsfrs-r_T1-T3-T4_T5,trial_25,16,9.534551061317235e-05,1,32
MLP_alsfrs-r_T1-T3-T4_T5,trial_13,16,0.000449219356497145,2,256
MLP_alsfrs-r_T1-T3-T4_T5,trial_14,16,7.546816172978185e-05,1,128
MLP_alsfrs-r_T1-T3-T4_T5,trial_40,128,1.8088257955567836e-05,3,512
MLP_alsfrs-r_T1-T3-T4_T5,trial_47,128,1.071155690995733e-05,4,512
MLP_alsfrs-r_T1-T3-T4_T5,trial_3,64,0.0003723797987186023,3,128
MLP_alsfrs-r_T1-T3-T4_T5,trial_4,32,0.0038982545707924275,3,1024
MLP_alsfrs-r_T1-T3-T4_T5,trial_49,128,1.3808498254144002e-05,4,512
MLP_alsfrs-r_T1-T3-T4_T5,trial_32,16,2.88719001466011e-05,1,128
MLP_alsfrs-r_T1-T3-T4_T5,trial_35,128,2.25173500459057e-05,3,128
MLP_alsfrs-r_T1-T3-T4_T5,trial_34,128,3.394296597298326e-05,2,128
MLP_alsfrs-r_T1-T3-T4_T5,trial_33,16,3.409134776011409e-05,1,128
MLP_alsfrs-r_T1-T3-T4_T5,trial_1,128,0.0013477142071231338,3,512
MLP_alsfrs-r_T1-T3-T4_T5,trial_6,16,5.558834265813213e-05,1,128
MLP_alsfrs-r_T1-T3-T4_T5,trial_42,128,1.5973009893295826e-05,3,512
MLP_alsfrs-r_T1-T3-T4_T5,trial_45,128,1.0847252307071242e-05,4,512
MLP_alsfrs-r_T1-T3-T4_T5,trial_8,32,5.983474784958849e-05,4,512
MLP_alsfrs-r_T1-T3-T4_T5,trial_11,16,0.00010432845366602393,1,128
MLP_alsfrs-r_T1-T3-T4_T5,trial_29,64,1.690874364844144e-05,4,64
MLP_alsfrs-r_T1-T3-T4_T5,trial_16,16,1.237795899137068e-05,1,256
MLP_alsfrs-r_T1-T3-T4_T5,trial_20,16,0.00017465627117606902,2,256
MLP_alsfrs-r_T1-T3-T4_T5,trial_18,64,1.1018306910231104e-05,1,256
MLP_alsfrs-r_T1-T3-T4_T5,trial_27,64,5.9733748063156665e-05,1,64
MLP_alsfrs-r_T1-T3-T4_T5,trial_44,128,1.0380150947440725e-05,4,512
MLP_alsfrs-r_T1-T3-T4_T5,trial_9,128,0.0037725669118553987,5,64
MLP_alsfrs-r_T1-T3-T4_T5,trial_43,128,1.590022662509595e-05,3,512
MLP_alsfrs-r_T1-T3-T4_T5,trial_7,16,2.8202787111628173e-05,2,32
MLP_alsfrs-r_T1-T3-T4_T5,trial_0,64,0.0042290964661801,5,64
MLP_alsfrs-r_T1-T3-T4_T5,trial_19,16,2.3701077596789365e-05,4,1024
MLP_alsfrs-r_T1-T3-T4_T5,trial_26,128,0.000786652662248302,2,1024
MLP_alsfrs-r_T1-T3-T4_T5,trial_21,16,6.251472281433373e-05,1,128
MLP_alsfrs-r_T1-T3-T4_T5,trial_28,32,0.00014212702398702862,2,256
MLP_alsfrs-r_T1-T3-T4_T5,trial_17,16,1.2553793706710744e-05,2,256
MLP_alsfrs-r_T1-T3-T4_T5,trial_10,16,0.00010994450032834508,1,128
MLP_alsfrs-r_T3-T4_T5,trial_36,16,8.833995504377708e-05,1,32
MLP_alsfrs-r_T3-T4_T5,trial_31,16,0.0007676215963359649,2,32
MLP_alsfrs-r_T3-T4_T5,trial_38,16,0.00041529488611183416,1,32
MLP_alsfrs-r_T3-T4_T5,trial_39,128,0.0011507129726642303,1,64
MLP_alsfrs-r_T3-T4_T5,trial_30,32,8.909218112485953e-05,2,32
MLP_alsfrs-r_T3-T4_T5,trial_37,64,1.0971881234213406e-05,1,1024
MLP_alsfrs-r_T3-T4_T5,trial_15,16,0.0027898201909169907,3,128
MLP_alsfrs-r_T3-T4_T5,trial_12,16,0.008926159345963167,4,128
MLP_alsfrs-r_T3-T4_T5,trial_24,32,0.009604307811560846,4,128
MLP_alsfrs-r_T3-T4_T5,trial_23,16,0.0025490259391570953,3,128
MLP_alsfrs-r_T3-T4_T5,trial_5,32,0.00035273982484050284,1,256
MLP_alsfrs-r_T3-T4_T5,trial_48,64,0.0002693842550249037,1,512
MLP_alsfrs-r_T3-T4_T5,trial_2,128,0.001588826099777661,2,1024
MLP_alsfrs-r_T3-T4_T5,trial_46,16,0.00045985592594484733,1,256
MLP_alsfrs-r_T3-T4_T5,trial_41,16,0.0009149190669972468,2,256
MLP_alsfrs-r_T3-T4_T5,trial_22,16,0.006382580149711905,3,128
MLP_alsfrs-r_T3-T4_T5,trial_25,16,0.0007258396091698384,2,128
MLP_alsfrs-r_T3-T4_T5,trial_13,16,0.006872562345614113,4,128
MLP_alsfrs-r_T3-T4_T5,trial_14,16,0.003048299098854901,3,128
MLP_alsfrs-r_T3-T4_T5,trial_40,32,0.00024708068965136406,2,32
MLP_alsfrs-r_T3-T4_T5,trial_47,16,0.00010381039576475801,1,256
MLP_alsfrs-r_T3-T4_T5,trial_3,64,2.8163208646551806e-05,2,64
MLP_alsfrs-r_T3-T4_T5,trial_4,128,2.4709280456936575e-05,1,1024
MLP_alsfrs-r_T3-T4_T5,trial_49,16,0.0008339624932585085,2,1024
MLP_alsfrs-r_T3-T4_T5,trial_32,16,0.0003565003685197188,1,32
MLP_alsfrs-r_T3-T4_T5,trial_35,16,0.00023106367983568953,1,32
MLP_alsfrs-r_T3-T4_T5,trial_34,64,0.0003562775207552544,1,32
MLP_alsfrs-r_T3-T4_T5,trial_33,16,0.0003084830756458436,1,32
MLP_alsfrs-r_T3-T4_T5,trial_1,128,0.0001539412038123767,5,1024
MLP_alsfrs-r_T3-T4_T5,trial_6,64,0.0005360032155784348,1,512
MLP_alsfrs-r_T3-T4_T5,trial_42,16,0.0010443372388478148,2,256
MLP_alsfrs-r_T3-T4_T5,trial_45,128,0.0017270867064582886,1,256
MLP_alsfrs-r_T3-T4_T5,trial_8,128,4.16429274242476e-05,4,128
MLP_alsfrs-r_T3-T4_T5,trial_11,16,0.00939576868231332,4,128
MLP_alsfrs-r_T3-T4_T5,trial_29,64,0.0006473317736427524,2,32
MLP_alsfrs-r_T3-T4_T5,trial_16,16,0.009694082375974666,4,32
MLP_alsfrs-r_T3-T4_T5,trial_20,16,0.004462516439376355,4,128
MLP_alsfrs-r_T3-T4_T5,trial_18,16,0.0016166547935104756,4,512
MLP_alsfrs-r_T3-T4_T5,trial_27,16,0.0005923241257339623,2,32
MLP_alsfrs-r_T3-T4_T5,trial_44,16,0.0015545868421909018,1,256
MLP_alsfrs-r_T3-T4_T5,trial_9,128,0.00017176492528771006,5,32
MLP_alsfrs-r_T3-T4_T5,trial_43,16,0.001660075224769443,1,256
MLP_alsfrs-r_T3-T4_T5,trial_7,128,3.78724706579861e-05,2,64
MLP_alsfrs-r_T3-T4_T5,trial_0,64,0.0008900986922836858,5,1024
MLP_alsfrs-r_T3-T4_T5,trial_19,16,0.0011753687123984282,5,128
MLP_alsfrs-r_T3-T4_T5,trial_26,16,0.0006261890459989608,2,32
MLP_alsfrs-r_T3-T4_T5,trial_21,16,0.0025653648570916807,3,128
MLP_alsfrs-r_T3-T4_T5,trial_28,16,0.00016648559128515337,2,32
MLP_alsfrs-r_T3-T4_T5,trial_17,32,0.003641451469235788,3,256
MLP_alsfrs-r_T3-T4_T5,trial_10,16,0.005971253752550123,4,128
MLP_alsfrs-r_T4_T5,trial_36,32,5.558501632757075e-05,4,1024
MLP_alsfrs-r_T4_T5,trial_31,32,5.6397825833248556e-05,4,1024
MLP_alsfrs-r_T4_T5,trial_38,32,3.652878143706593e-05,4,1024
MLP_alsfrs-r_T4_T5,trial_39,32,5.969070310444639e-05,5,1024
MLP_alsfrs-r_T4_T5,trial_30,32,1.2565159264085832e-05,4,512
MLP_alsfrs-r_T4_T5,trial_37,32,1.5598180399405553e-05,5,1024
MLP_alsfrs-r_T4_T5,trial_15,128,0.0005031252798622359,4,128
MLP_alsfrs-r_T4_T5,trial_12,128,0.0007985046299405487,2,128
MLP_alsfrs-r_T4_T5,trial_24,128,0.00023556347035950847,4,128
MLP_alsfrs-r_T4_T5,trial_23,128,0.00022740496418389321,3,128
MLP_alsfrs-r_T4_T5,trial_5,32,0.0002124437847812386,5,256
MLP_alsfrs-r_T4_T5,trial_48,32,1.8563275818045475e-05,5,1024
MLP_alsfrs-r_T4_T5,trial_2,64,8.021675301163761e-05,3,128
MLP_alsfrs-r_T4_T5,trial_46,32,9.09150656386559e-05,5,1024
MLP_alsfrs-r_T4_T5,trial_41,32,6.468751059465999e-05,5,1024
MLP_alsfrs-r_T4_T5,trial_22,128,0.0005830315919195914,2,128
MLP_alsfrs-r_T4_T5,trial_25,128,0.0002336615015132844,3,128
MLP_alsfrs-r_T4_T5,trial_13,128,1.001502162927529e-05,2,128
MLP_alsfrs-r_T4_T5,trial_14,64,7.088712655059398e-05,4,128
MLP_alsfrs-r_T4_T5,trial_40,16,0.00015113996513319881,5,1024
MLP_alsfrs-r_T4_T5,trial_47,16,9.527564577392618e-05,5,256
MLP_alsfrs-r_T4_T5,trial_3,32,5.3405689097018645e-05,5,64
MLP_alsfrs-r_T4_T5,trial_4,64,0.00018459773549436368,5,512
MLP_alsfrs-r_T4_T5,trial_49,32,7.798541210586891e-05,5,1024
MLP_alsfrs-r_T4_T5,trial_32,32,4.986586650756882e-05,3,1024
MLP_alsfrs-r_T4_T5,trial_35,32,2.356231189406736e-05,5,1024
MLP_alsfrs-r_T4_T5,trial_34,32,3.630321370657474e-05,4,1024
MLP_alsfrs-r_T4_T5,trial_33,32,3.7912002921621785e-05,4,1024
MLP_alsfrs-r_T4_T5,trial_1,16,0.001876017384631129,1,64
MLP_alsfrs-r_T4_T5,trial_6,16,0.009666441254969562,4,1024
MLP_alsfrs-r_T4_T5,trial_42,32,6.433045721526573e-05,5,1024
MLP_alsfrs-r_T4_T5,trial_45,32,0.00014590143791151823,5,1024
MLP_alsfrs-r_T4_T5,trial_8,32,0.00012200045594284706,2,512
MLP_alsfrs-r_T4_T5,trial_11,128,0.0008717047490880656,3,128
MLP_alsfrs-r_T4_T5,trial_29,32,1.9801785996922024e-05,3,512
MLP_alsfrs-r_T4_T5,trial_16,64,0.0003776466316191997,4,32
MLP_alsfrs-r_T4_T5,trial_20,64,0.002099722902808446,4,128
MLP_alsfrs-r_T4_T5,trial_18,64,0.00042834558119896667,1,256
MLP_alsfrs-r_T4_T5,trial_27,32,2.8640074839002166e-05,4,512
MLP_alsfrs-r_T4_T5,trial_44,32,4.274024921144545e-05,5,64
MLP_alsfrs-r_T4_T5,trial_9,16,0.0038281251300740877,5,32
MLP_alsfrs-r_T4_T5,trial_43,32,7.974183102194266e-05,5,1024
MLP_alsfrs-r_T4_T5,trial_7,64,0.00772219805991535,5,64
MLP_alsfrs-r_T4_T5,trial_0,16,2.2117668664850237e-05,3,64
MLP_alsfrs-r_T4_T5,trial_19,128,0.00010077180028086503,3,128
MLP_alsfrs-r_T4_T5,trial_26,64,0.00011031639776767725,2,32
MLP_alsfrs-r_T4_T5,trial_21,128,0.0008541221363953376,3,128
MLP_alsfrs-r_T4_T5,trial_28,32,2.7268555559650517e-05,3,512
MLP_alsfrs-r_T4_T5,trial_17,128,3.8836975708095637e-05,4,1024
MLP_alsfrs-r_T4_T5,trial_10,128,0.0007375238497933476,3,128
MLP_alsfrs-r_T1-T2_T3,trial_36,64,8.041030713037233e-05,2,128
MLP_alsfrs-r_T1-T2_T3,trial_31,128,0.0005452327443821527,1,256
MLP_alsfrs-r_T1-T2_T3,trial_38,16,0.00021853164176752101,1,32
MLP_alsfrs-r_T1-T2_T3,trial_39,32,0.00010202219811380919,4,1024
MLP_alsfrs-r_T1-T2_T3,trial_30,64,0.0021808215436271024,2,256
MLP_alsfrs-r_T1-T2_T3,trial_37,128,0.0033692629745598213,2,256
MLP_alsfrs-r_T1-T2_T3,trial_15,128,0.00016929041135138907,1,512
MLP_alsfrs-r_T1-T2_T3,trial_12,128,0.00014287896024634477,3,512
MLP_alsfrs-r_T1-T2_T3,trial_24,128,0.0002791480843351583,1,512
MLP_alsfrs-r_T1-T2_T3,trial_23,128,0.0005838403319651549,1,512
MLP_alsfrs-r_T1-T2_T3,trial_5,16,0.00012801489715057003,3,64
MLP_alsfrs-r_T1-T2_T3,trial_48,128,0.00016401571380704393,4,64
MLP_alsfrs-r_T1-T2_T3,trial_2,16,6.821070126028386e-05,2,64
MLP_alsfrs-r_T1-T2_T3,trial_46,32,0.0009969667107230234,2,512
MLP_alsfrs-r_T1-T2_T3,trial_41,128,0.0002935158239490525,1,128
MLP_alsfrs-r_T1-T2_T3,trial_22,128,0.00038124688302684486,2,512
MLP_alsfrs-r_T1-T2_T3,trial_25,128,0.009388583624771164,2,512
MLP_alsfrs-r_T1-T2_T3,trial_13,128,0.00013842782241480541,3,512
MLP_alsfrs-r_T1-T2_T3,trial_14,16,3.779414492800326e-05,5,512
MLP_alsfrs-r_T1-T2_T3,trial_40,128,0.00042096831865002165,1,256
MLP_alsfrs-r_T1-T2_T3,trial_47,64,4.7330632734308425e-05,1,1024
MLP_alsfrs-r_T1-T2_T3,trial_3,16,1.2953273884282459e-05,2,1024
MLP_alsfrs-r_T1-T2_T3,trial_4,32,0.004941238479550186,4,128
MLP_alsfrs-r_T1-T2_T3,trial_49,128,2.3705135732735162e-05,2,512
MLP_alsfrs-r_T1-T2_T3,trial_32,128,0.0005547280848427605,1,256
MLP_alsfrs-r_T1-T2_T3,trial_35,128,0.0007651243494985034,1,256
MLP_alsfrs-r_T1-T2_T3,trial_34,128,0.0014356249806575802,1,256
MLP_alsfrs-r_T1-T2_T3,trial_33,128,0.00047266405897245666,2,256
MLP_alsfrs-r_T1-T2_T3,trial_1,64,0.002460858478037445,4,256
MLP_alsfrs-r_T1-T2_T3,trial_6,64,0.0005565750124405237,4,32
MLP_alsfrs-r_T1-T2_T3,trial_42,128,0.00020531813948210237,1,512
MLP_alsfrs-r_T1-T2_T3,trial_45,128,0.0003347353490124242,1,32
MLP_alsfrs-r_T1-T2_T3,trial_8,32,0.0003745468593273988,1,256
MLP_alsfrs-r_T1-T2_T3,trial_11,128,0.001126175133399225,3,64
MLP_alsfrs-r_T1-T2_T3,trial_29,32,0.00021690233719528425,2,32
MLP_alsfrs-r_T1-T2_T3,trial_16,128,0.00024655743623882144,1,512
MLP_alsfrs-r_T1-T2_T3,trial_20,128,0.0016395014249410702,1,512
MLP_alsfrs-r_T1-T2_T3,trial_18,128,0.0002745633482864007,1,512
MLP_alsfrs-r_T1-T2_T3,trial_27,128,0.0002335283857344361,2,256
MLP_alsfrs-r_T1-T2_T3,trial_44,16,0.00010670319467116878,1,256
MLP_alsfrs-r_T1-T2_T3,trial_9,32,6.143660977290633e-05,2,128
MLP_alsfrs-r_T1-T2_T3,trial_43,128,0.0006635587463110124,2,64
MLP_alsfrs-r_T1-T2_T3,trial_7,16,1.0455278644138113e-05,5,1024
MLP_alsfrs-r_T1-T2_T3,trial_0,64,0.00010465669134359268,2,32
MLP_alsfrs-r_T1-T2_T3,trial_19,128,2.938691342573416e-05,1,512
MLP_alsfrs-r_T1-T2_T3,trial_26,128,0.0007939613817851795,1,1024
MLP_alsfrs-r_T1-T2_T3,trial_21,128,0.0003195491596060432,1,512
MLP_alsfrs-r_T1-T2_T3,trial_28,64,7.665895464526453e-05,2,256
MLP_alsfrs-r_T1-T2_T3,trial_17,128,0.00029888341905077314,1,512
MLP_alsfrs-r_T1-T2_T3,trial_10,128,0.0009583823920253899,3,64
MLP_alsfrs-r_T1-T2-T4_T5,trial_36,64,0.0011067997737160974,3,64
MLP_alsfrs-r_T1-T2-T4_T5,trial_31,64,0.0007845894823882789,1,1024
MLP_alsfrs-r_T1-T2-T4_T5,trial_38,32,0.00016520954663043578,4,128
MLP_alsfrs-r_T1-T2-T4_T5,trial_39,32,9.322736277577889e-05,2,128
MLP_alsfrs-r_T1-T2-T4_T5,trial_30,64,1.2460441155716962e-05,1,128
MLP_alsfrs-r_T1-T2-T4_T5,trial_37,32,0.0001688917413290704,1,128
MLP_alsfrs-r_T1-T2-T4_T5,trial_15,64,0.0006519881873542822,1,32
MLP_alsfrs-r_T1-T2-T4_T5,trial_12,64,0.0008999187285122578,1,1024
MLP_alsfrs-r_T1-T2-T4_T5,trial_24,16,0.00026371083710393403,3,32
MLP_alsfrs-r_T1-T2-T4_T5,trial_23,16,0.00052087237088719,3,32
MLP_alsfrs-r_T1-T2-T4_T5,trial_5,32,0.00019005044388037499,5,64
MLP_alsfrs-r_T1-T2-T4_T5,trial_48,32,0.0004651333560097757,1,256
MLP_alsfrs-r_T1-T2-T4_T5,trial_2,32,2.4720626987693484e-05,4,64
MLP_alsfrs-r_T1-T2-T4_T5,trial_46,32,0.0009088173075263891,1,256
MLP_alsfrs-r_T1-T2-T4_T5,trial_41,32,0.0002872617948447424,1,128
MLP_alsfrs-r_T1-T2-T4_T5,trial_22,16,0.00195209143865502,2,32
MLP_alsfrs-r_T1-T2-T4_T5,trial_25,64,0.0016406802824233532,2,128
MLP_alsfrs-r_T1-T2-T4_T5,trial_13,64,0.009194591629598658,2,32
MLP_alsfrs-r_T1-T2-T4_T5,trial_14,64,0.008770804480325538,2,32
MLP_alsfrs-r_T1-T2-T4_T5,trial_40,32,0.0044954745538349225,3,128
MLP_alsfrs-r_T1-T2-T4_T5,trial_47,32,4.5131879905449784e-05,2,256
MLP_alsfrs-r_T1-T2-T4_T5,trial_3,32,0.005067397883847873,3,128
MLP_alsfrs-r_T1-T2-T4_T5,trial_4,32,0.003903178474077363,3,1024
MLP_alsfrs-r_T1-T2-T4_T5,trial_49,32,0.0028312314192083764,5,256
MLP_alsfrs-r_T1-T2-T4_T5,trial_32,64,0.0004051405612916396,1,1024
MLP_alsfrs-r_T1-T2-T4_T5,trial_35,64,0.00023153513586281625,2,512
MLP_alsfrs-r_T1-T2-T4_T5,trial_34,16,0.0017404286199640792,4,1024
MLP_alsfrs-r_T1-T2-T4_T5,trial_33,64,0.0007103831766036629,1,1024
MLP_alsfrs-r_T1-T2-T4_T5,trial_1,16,3.1300638965182924e-05,4,512
MLP_alsfrs-r_T1-T2-T4_T5,trial_6,32,0.0001455133497557626,5,512
MLP_alsfrs-r_T1-T2-T4_T5,trial_42,32,0.00017757673950334618,1,64
MLP_alsfrs-r_T1-T2-T4_T5,trial_45,32,0.00012070454992496813,2,64
MLP_alsfrs-r_T1-T2-T4_T5,trial_8,128,0.0001336769046603191,2,256
MLP_alsfrs-r_T1-T2-T4_T5,trial_11,64,0.0011583615377751169,1,1024
MLP_alsfrs-r_T1-T2-T4_T5,trial_29,16,7.530809707666418e-05,2,32
MLP_alsfrs-r_T1-T2-T4_T5,trial_16,64,0.000532520698252504,2,32
MLP_alsfrs-r_T1-T2-T4_T5,trial_20,16,0.00034826840422513697,3,32
MLP_alsfrs-r_T1-T2-T4_T5,trial_18,64,0.0003756499444442293,2,32
MLP_alsfrs-r_T1-T2-T4_T5,trial_27,16,0.0005702293465478957,3,512
MLP_alsfrs-r_T1-T2-T4_T5,trial_44,32,0.00017845821717565595,1,64
MLP_alsfrs-r_T1-T2-T4_T5,trial_9,128,0.00010623249992041746,2,256
MLP_alsfrs-r_T1-T2-T4_T5,trial_43,32,2.9845494389515583e-05,1,64
MLP_alsfrs-r_T1-T2-T4_T5,trial_7,64,0.0027514657902688727,5,64
MLP_alsfrs-r_T1-T2-T4_T5,trial_0,16,1.9944670435878872e-05,4,128
MLP_alsfrs-r_T1-T2-T4_T5,trial_19,128,5.501629734425876e-05,1,1024
MLP_alsfrs-r_T1-T2-T4_T5,trial_26,64,5.8648596236382876e-05,1,256
MLP_alsfrs-r_T1-T2-T4_T5,trial_21,16,0.00036553933209324457,3,32
MLP_alsfrs-r_T1-T2-T4_T5,trial_28,128,0.0002387826898068672,4,1024
MLP_alsfrs-r_T1-T2-T4_T5,trial_17,64,0.0003958003946465921,1,1024
MLP_alsfrs-r_T1-T2-T4_T5,trial_10,64,0.0010938628477744404,1,1024
MLP_alsfrs-r_T1-T2-T3-T4_T5,trial_36,128,2.7236751914407675e-05,3,64
MLP_alsfrs-r_T1-T2-T3-T4_T5,trial_31,16,4.9877687287865e-05,2,1024
MLP_alsfrs-r_T1-T2-T3-T4_T5,trial_38,16,6.42970504103855e-05,3,1024
MLP_alsfrs-r_T1-T2-T3-T4_T5,trial_39,32,3.171245462669899e-05,4,32
MLP_alsfrs-r_T1-T2-T3-T4_T5,trial_30,16,1.0201503087814586e-05,3,1024
MLP_alsfrs-r_T1-T2-T3-T4_T5,trial_37,64,1.6104039723683202e-05,1,128
MLP_alsfrs-r_T1-T2-T3-T4_T5,trial_15,16,0.00011755282968634993,3,256
MLP_alsfrs-r_T1-T2-T3-T4_T5,trial_12,16,9.812686382079673e-05,4,256
MLP_alsfrs-r_T1-T2-T3-T4_T5,trial_24,16,1.0090264191179167e-05,3,1024
MLP_alsfrs-r_T1-T2-T3-T4_T5,trial_23,16,4.4617209951671984e-05,3,64
MLP_alsfrs-r_T1-T2-T3-T4_T5,trial_5,128,0.0021423134703794423,1,512
MLP_alsfrs-r_T1-T2-T3-T4_T5,trial_48,16,0.0049350796363291805,4,128
MLP_alsfrs-r_T1-T2-T3-T4_T5,trial_2,128,1.9629648942048157e-05,2,128
MLP_alsfrs-r_T1-T2-T3-T4_T5,trial_46,16,0.0006055475781091949,2,64
MLP_alsfrs-r_T1-T2-T3-T4_T5,trial_41,16,6.013580360291582e-05,1,1024
MLP_alsfrs-r_T1-T2-T3-T4_T5,trial_22,16,0.0002072062595748947,2,1024
MLP_alsfrs-r_T1-T2-T3-T4_T5,trial_25,16,1.1390220197466114e-05,3,1024
MLP_alsfrs-r_T1-T2-T3-T4_T5,trial_13,16,8.21678806776001e-05,4,256
MLP_alsfrs-r_T1-T2-T3-T4_T5,trial_14,16,8.486323032621707e-05,4,256
MLP_alsfrs-r_T1-T2-T3-T4_T5,trial_40,128,0.00015284994004329764,2,512
MLP_alsfrs-r_T1-T2-T3-T4_T5,trial_47,16,0.0010550061750952968,4,128
MLP_alsfrs-r_T1-T2-T3-T4_T5,trial_3,64,0.006752642655274629,3,64
MLP_alsfrs-r_T1-T2-T3-T4_T5,trial_4,32,0.005922697394751485,5,128
MLP_alsfrs-r_T1-T2-T3-T4_T5,trial_49,32,0.001562141731081919,4,128
MLP_alsfrs-r_T1-T2-T3-T4_T5,trial_32,16,5.06692804754596e-05,1,1024
MLP_alsfrs-r_T1-T2-T3-T4_T5,trial_35,32,6.228147739371929e-05,2,1024
MLP_alsfrs-r_T1-T2-T3-T4_T5,trial_34,16,1.7962262045397576e-05,2,128
MLP_alsfrs-r_T1-T2-T3-T4_T5,trial_33,16,2.367729385960008e-05,3,32
MLP_alsfrs-r_T1-T2-T3-T4_T5,trial_1,32,2.0000739225941153e-05,1,32
MLP_alsfrs-r_T1-T2-T3-T4_T5,trial_6,64,9.635728973272189e-05,1,512
MLP_alsfrs-r_T1-T2-T3-T4_T5,trial_42,16,2.0203209724234818e-05,1,1024
MLP_alsfrs-r_T1-T2-T3-T4_T5,trial_45,64,0.0008381313436036077,3,1024
MLP_alsfrs-r_T1-T2-T3-T4_T5,trial_8,128,0.002339893508063888,4,1024
MLP_alsfrs-r_T1-T2-T3-T4_T5,trial_11,16,0.0003759442088139114,5,256
MLP_alsfrs-r_T1-T2-T3-T4_T5,trial_29,32,1.22607228388588e-05,3,64
MLP_alsfrs-r_T1-T2-T3-T4_T5,trial_16,16,4.306954877484625e-05,2,256
MLP_alsfrs-r_T1-T2-T3-T4_T5,trial_20,16,0.00022181897032492437,2,1024
MLP_alsfrs-r_T1-T2-T3-T4_T5,trial_18,16,3.72293534615943e-05,2,64
MLP_alsfrs-r_T1-T2-T3-T4_T5,trial_27,128,2.306021514581109e-05,3,1024
MLP_alsfrs-r_T1-T2-T3-T4_T5,trial_44,16,0.0005919367265264001,1,1024
MLP_alsfrs-r_T1-T2-T3-T4_T5,trial_9,64,0.0031293552150354663,4,512
MLP_alsfrs-r_T1-T2-T3-T4_T5,trial_43,16,4.598817568164928e-05,1,1024
MLP_alsfrs-r_T1-T2-T3-T4_T5,trial_7,32,1.444162328266296e-05,4,32
MLP_alsfrs-r_T1-T2-T3-T4_T5,trial_0,32,0.00041560733618315187,3,32
MLP_alsfrs-r_T1-T2-T3-T4_T5,trial_19,16,0.001006889748635633,3,64
MLP_alsfrs-r_T1-T2-T3-T4_T5,trial_26,16,2.423552118942478e-05,3,1024
MLP_alsfrs-r_T1-T2-T3-T4_T5,trial_21,16,0.00020859126483449537,2,1024
MLP_alsfrs-r_T1-T2-T3-T4_T5,trial_28,64,3.117000459488983e-05,3,1024
MLP_alsfrs-r_T1-T2-T3-T4_T5,trial_17,16,4.5538035766748826e-05,2,64
MLP_alsfrs-r_T1-T2-T3-T4_T5,trial_10,16,0.0005054587714471469,5,256
MLP_alsfrs-r_T1-T2-T3_T4,trial_36,128,8.944285200495118e-05,2,1024
MLP_alsfrs-r_T1-T2-T3_T4,trial_31,64,0.00017520982671334953,1,512
MLP_alsfrs-r_T1-T2-T3_T4,trial_38,16,0.00013857906258701037,2,512
MLP_alsfrs-r_T1-T2-T3_T4,trial_39,16,0.0012645565580913793,1,512
MLP_alsfrs-r_T1-T2-T3_T4,trial_30,64,0.00017536290852355332,1,512
MLP_alsfrs-r_T1-T2-T3_T4,trial_37,64,0.0005109725277833766,1,32
MLP_alsfrs-r_T1-T2-T3_T4,trial_15,16,4.413277514098488e-05,4,128
MLP_alsfrs-r_T1-T2-T3_T4,trial_12,16,0.0006287156310438791,4,512
MLP_alsfrs-r_T1-T2-T3_T4,trial_24,16,1.5653350537091887e-05,1,512
MLP_alsfrs-r_T1-T2-T3_T4,trial_23,16,2.1593622606856958e-05,1,512
MLP_alsfrs-r_T1-T2-T3_T4,trial_5,32,0.0012426326965956464,4,32
MLP_alsfrs-r_T1-T2-T3_T4,trial_48,32,0.0008155363567979733,3,32
MLP_alsfrs-r_T1-T2-T3_T4,trial_2,128,7.052255005670998e-05,3,64
MLP_alsfrs-r_T1-T2-T3_T4,trial_46,16,1.984665802233559e-05,2,512
MLP_alsfrs-r_T1-T2-T3_T4,trial_41,16,1.0680490670405527e-05,1,512
MLP_alsfrs-r_T1-T2-T3_T4,trial_22,16,3.9496808467941596e-05,1,512
MLP_alsfrs-r_T1-T2-T3_T4,trial_25,16,1.7786651067696286e-05,1,512
MLP_alsfrs-r_T1-T2-T3_T4,trial_13,32,1.0220805388438675e-05,5,256
MLP_alsfrs-r_T1-T2-T3_T4,trial_14,16,6.074041932707528e-05,4,128
MLP_alsfrs-r_T1-T2-T3_T4,trial_40,128,3.1795272023921796e-05,1,64
MLP_alsfrs-r_T1-T2-T3_T4,trial_47,64,5.788239151034355e-05,1,256
MLP_alsfrs-r_T1-T2-T3_T4,trial_3,64,3.444769751966093e-05,3,128
MLP_alsfrs-r_T1-T2-T3_T4,trial_4,128,0.0004564596601781281,3,1024
MLP_alsfrs-r_T1-T2-T3_T4,trial_49,16,3.326025050993504e-05,1,512
MLP_alsfrs-r_T1-T2-T3_T4,trial_32,64,2.8027617681506384e-05,1,512
MLP_alsfrs-r_T1-T2-T3_T4,trial_35,16,0.0036855992088710913,1,512
MLP_alsfrs-r_T1-T2-T3_T4,trial_34,64,1.6677191979164994e-05,1,64
MLP_alsfrs-r_T1-T2-T3_T4,trial_33,64,0.0002967128812195346,2,32
MLP_alsfrs-r_T1-T2-T3_T4,trial_1,16,0.00029057654299245836,1,32
MLP_alsfrs-r_T1-T2-T3_T4,trial_6,32,0.0001506474909032299,2,256
MLP_alsfrs-r_T1-T2-T3_T4,trial_42,16,1.3099131341815854e-05,1,512
MLP_alsfrs-r_T1-T2-T3_T4,trial_45,16,7.211587566304305e-05,1,512
MLP_alsfrs-r_T1-T2-T3_T4,trial_8,32,8.029214089537559e-05,4,128
MLP_alsfrs-r_T1-T2-T3_T4,trial_11,16,0.00010464971030130835,5,256
MLP_alsfrs-r_T1-T2-T3_T4,trial_29,64,2.581803897315561e-05,2,512
MLP_alsfrs-r_T1-T2-T3_T4,trial_16,16,3.8233817630431125e-05,4,128
MLP_alsfrs-r_T1-T2-T3_T4,trial_20,64,0.009308280331653762,2,512
MLP_alsfrs-r_T1-T2-T3_T4,trial_18,16,0.0015181879143901051,4,64
MLP_alsfrs-r_T1-T2-T3_T4,trial_27,16,1.0060590046305645e-05,1,512
MLP_alsfrs-r_T1-T2-T3_T4,trial_44,32,2.341994862439888e-05,2,1024
MLP_alsfrs-r_T1-T2-T3_T4,trial_9,128,2.4134411594772736e-05,3,1024
MLP_alsfrs-r_T1-T2-T3_T4,trial_43,16,1.9397108465953315e-05,1,512
MLP_alsfrs-r_T1-T2-T3_T4,trial_7,16,0.00010757721708727568,5,256
MLP_alsfrs-r_T1-T2-T3_T4,trial_0,64,0.0059522360302077856,3,1024
MLP_alsfrs-r_T1-T2-T3_T4,trial_19,16,4.3005145189840774e-05,2,512
MLP_alsfrs-r_T1-T2-T3_T4,trial_26,16,1.3550781432011276e-05,1,512
MLP_alsfrs-r_T1-T2-T3_T4,trial_21,16,5.289136699074283e-05,1,512
MLP_alsfrs-r_T1-T2-T3_T4,trial_28,128,2.278396562132703e-05,1,512
MLP_alsfrs-r_T1-T2-T3_T4,trial_17,16,0.00022022354667302875,2,128
MLP_alsfrs-r_T1-T2-T3_T4,trial_10,32,1.5902921545790678e-05,5,128
MLP_alsfrs-r_T1-T3_T4,trial_36,128,1.815119758418102e-05,4,32
MLP_alsfrs-r_T1-T3_T4,trial_31,16,3.2876400833916184e-05,3,1024
MLP_alsfrs-r_T1-T3_T4,trial_38,16,1.4488476296636235e-05,4,256
MLP_alsfrs-r_T1-T3_T4,trial_39,128,2.9418207714607797e-05,4,32
MLP_alsfrs-r_T1-T3_T4,trial_30,64,5.129456491488116e-05,1,1024
MLP_alsfrs-r_T1-T3_T4,trial_37,16,1.3533421996730544e-05,5,32
MLP_alsfrs-r_T1-T3_T4,trial_15,64,1.2064566845875602e-05,2,64
MLP_alsfrs-r_T1-T3_T4,trial_12,16,0.0010253155262876595,5,128
MLP_alsfrs-r_T1-T3_T4,trial_24,16,3.407936554165056e-05,3,1024
MLP_alsfrs-r_T1-T3_T4,trial_23,16,3.7264658005012586e-05,1,512
MLP_alsfrs-r_T1-T3_T4,trial_5,64,1.8625003839579142e-05,2,1024
MLP_alsfrs-r_T1-T3_T4,trial_48,32,1.563335211390792e-05,5,128
MLP_alsfrs-r_T1-T3_T4,trial_2,128,0.00566468344633759,2,256
MLP_alsfrs-r_T1-T3_T4,trial_46,32,1.4185281400879112e-05,5,128
MLP_alsfrs-r_T1-T3_T4,trial_41,16,1.544995241357395e-05,5,32
MLP_alsfrs-r_T1-T3_T4,trial_22,16,0.00010396980752635925,1,512
MLP_alsfrs-r_T1-T3_T4,trial_25,16,1.0335231953393975e-05,2,512
MLP_alsfrs-r_T1-T3_T4,trial_13,16,7.348078973720615e-05,4,64
MLP_alsfrs-r_T1-T3_T4,trial_14,16,4.1088663988530517e-05,3,64
MLP_alsfrs-r_T1-T3_T4,trial_40,16,6.309318318890248e-05,5,32
MLP_alsfrs-r_T1-T3_T4,trial_47,32,4.080537811067548e-05,5,128
MLP_alsfrs-r_T1-T3_T4,trial_3,128,0.0021329940783409115,4,128
MLP_alsfrs-r_T1-T3_T4,trial_4,64,0.00013794882539040762,4,256
MLP_alsfrs-r_T1-T3_T4,trial_49,32,0.0031410398508162326,5,128
MLP_alsfrs-r_T1-T3_T4,trial_32,16,8.820900012615926e-05,3,1024
MLP_alsfrs-r_T1-T3_T4,trial_35,16,1.7584162843934016e-05,4,32
MLP_alsfrs-r_T1-T3_T4,trial_34,16,2.5436025377221136e-05,5,1024
MLP_alsfrs-r_T1-T3_T4,trial_33,16,2.5924621051184927e-05,4,1024
MLP_alsfrs-r_T1-T3_T4,trial_1,128,7.319124350794658e-05,5,32
MLP_alsfrs-r_T1-T3_T4,trial_6,32,0.0003359392724731636,1,1024
MLP_alsfrs-r_T1-T3_T4,trial_42,16,2.232201518474223e-05,5,32
MLP_alsfrs-r_T1-T3_T4,trial_45,32,1.62438349649259e-05,5,128
MLP_alsfrs-r_T1-T3_T4,trial_8,64,0.00011834042044315667,2,1024
MLP_alsfrs-r_T1-T3_T4,trial_11,16,0.0010826130230449278,4,128
MLP_alsfrs-r_T1-T3_T4,trial_29,128,1.772748050453621e-05,1,512
MLP_alsfrs-r_T1-T3_T4,trial_16,64,3.973378914121431e-05,3,64
MLP_alsfrs-r_T1-T3_T4,trial_20,64,6.366406142051447e-05,2,64
MLP_alsfrs-r_T1-T3_T4,trial_18,32,2.9290952246201985e-05,2,1024
MLP_alsfrs-r_T1-T3_T4,trial_27,32,5.0086897757432374e-05,3,1024
MLP_alsfrs-r_T1-T3_T4,trial_44,16,1.6082416508262866e-05,5,128
MLP_alsfrs-r_T1-T3_T4,trial_9,16,0.006505124774268022,2,32
MLP_alsfrs-r_T1-T3_T4,trial_43,16,1.0331231140434824e-05,4,32
MLP_alsfrs-r_T1-T3_T4,trial_7,32,0.0037810606670600085,3,256
MLP_alsfrs-r_T1-T3_T4,trial_0,128,0.0057251542403898605,1,1024
MLP_alsfrs-r_T1-T3_T4,trial_19,16,0.0001776236980437483,3,64
MLP_alsfrs-r_T1-T3_T4,trial_26,64,2.1713858178003558e-05,1,32
MLP_alsfrs-r_T1-T3_T4,trial_21,16,0.00017469822831300827,1,512
MLP_alsfrs-r_T1-T3_T4,trial_28,16,0.00034558677247810237,2,64
MLP_alsfrs-r_T1-T3_T4,trial_17,16,0.00012763149796611605,1,512
MLP_alsfrs-r_T1-T3_T4,trial_10,64,0.0005566419560359034,3,512
MLP_alsfrs-r_T2-T3_T4,trial_36,64,0.00027562137546538847,2,512
MLP_alsfrs-r_T2-T3_T4,trial_31,16,2.9455297299744236e-05,4,512
MLP_alsfrs-r_T2-T3_T4,trial_38,64,0.0001423533621837231,2,1024
MLP_alsfrs-r_T2-T3_T4,trial_39,64,0.00044406257784288623,3,64
MLP_alsfrs-r_T2-T3_T4,trial_30,16,0.00010115416229230277,3,512
MLP_alsfrs-r_T2-T3_T4,trial_37,64,0.0001352885476056395,3,512
MLP_alsfrs-r_T2-T3_T4,trial_15,32,0.0009084856539860215,4,32
MLP_alsfrs-r_T2-T3_T4,trial_12,32,0.0005890014154757881,3,32
MLP_alsfrs-r_T2-T3_T4,trial_24,32,0.0003654180117317199,4,32
MLP_alsfrs-r_T2-T3_T4,trial_23,16,0.0008718309889846721,5,32
MLP_alsfrs-r_T2-T3_T4,trial_5,16,0.0025303442387104346,2,1024
MLP_alsfrs-r_T2-T3_T4,trial_48,64,4.717804913334257e-05,3,128
MLP_alsfrs-r_T2-T3_T4,trial_2,64,0.0018980111862381755,2,256
MLP_alsfrs-r_T2-T3_T4,trial_46,64,0.0001984707381304992,2,128
MLP_alsfrs-r_T2-T3_T4,trial_41,64,0.00018706865628399593,3,64
MLP_alsfrs-r_T2-T3_T4,trial_22,16,0.0013212363865655699,4,32
MLP_alsfrs-r_T2-T3_T4,trial_25,32,0.005086913034454051,5,256
MLP_alsfrs-r_T2-T3_T4,trial_13,32,0.0006653049749295421,3,32
MLP_alsfrs-r_T2-T3_T4,trial_14,32,0.009909379581683605,4,32
MLP_alsfrs-r_T2-T3_T4,trial_40,64,0.00046277023307281787,1,64
MLP_alsfrs-r_T2-T3_T4,trial_47,64,0.0004397543615033132,3,128
MLP_alsfrs-r_T2-T3_T4,trial_3,32,0.006710022776036027,3,32
MLP_alsfrs-r_T2-T3_T4,trial_4,32,0.00017003919038268632,5,1024
MLP_alsfrs-r_T2-T3_T4,trial_49,128,0.000124028806523878,2,1024
MLP_alsfrs-r_T2-T3_T4,trial_32,16,0.0002738553920181539,3,512
MLP_alsfrs-r_T2-T3_T4,trial_35,64,0.00023711347300371872,2,512
MLP_alsfrs-r_T2-T3_T4,trial_34,64,0.0002501408657257177,2,512
MLP_alsfrs-r_T2-T3_T4,trial_33,64,0.00028801930534208797,3,512
MLP_alsfrs-r_T2-T3_T4,trial_1,64,0.00021372275094286227,5,64
MLP_alsfrs-r_T2-T3_T4,trial_6,32,0.0033610078550241154,4,512
MLP_alsfrs-r_T2-T3_T4,trial_42,64,0.00031328526267307167,3,64
MLP_alsfrs-r_T2-T3_T4,trial_45,64,0.00024342787139396173,3,128
MLP_alsfrs-r_T2-T3_T4,trial_8,128,0.0023781056088570513,3,256
MLP_alsfrs-r_T2-T3_T4,trial_11,128,3.290887271496288e-05,2,64
MLP_alsfrs-r_T2-T3_T4,trial_29,16,3.627674226201305e-05,1,512
MLP_alsfrs-r_T2-T3_T4,trial_16,32,0.0011832576983870156,4,32
MLP_alsfrs-r_T2-T3_T4,trial_20,16,0.009324038077457766,5,32
MLP_alsfrs-r_T2-T3_T4,trial_18,128,0.004302087014907558,4,32
MLP_alsfrs-r_T2-T3_T4,trial_27,16,8.061350020052264e-05,3,512
MLP_alsfrs-r_T2-T3_T4,trial_44,64,0.0005640295389634395,2,64
MLP_alsfrs-r_T2-T3_T4,trial_9,64,0.008065315934008176,5,128
MLP_alsfrs-r_T2-T3_T4,trial_43,64,0.0003382638569677739,3,64
MLP_alsfrs-r_T2-T3_T4,trial_7,16,0.00015713043671446636,4,128
MLP_alsfrs-r_T2-T3_T4,trial_0,64,0.00043396410158291873,2,64
MLP_alsfrs-r_T2-T3_T4,trial_19,16,0.0012633417745649249,5,32
MLP_alsfrs-r_T2-T3_T4,trial_26,16,8.692212773396844e-05,4,512
MLP_alsfrs-r_T2-T3_T4,trial_21,16,0.0011853864723982335,5,32
MLP_alsfrs-r_T2-T3_T4,trial_28,16,7.781516877923844e-05,3,512
MLP_alsfrs-r_T2-T3_T4,trial_17,32,6.908005967243923e-05,4,512
MLP_alsfrs-r_T2-T3_T4,trial_10,32,1.0683858286847441e-05,1,32
MLP_alsfrs-r_T2_T4,trial_36,16,0.0005711300184908335,3,512
MLP_alsfrs-r_T2_T4,trial_31,16,0.00014545846772119197,2,512
MLP_alsfrs-r_T2_T4,trial_38,32,0.0006520162937822782,4,256
MLP_alsfrs-r_T2_T4,trial_39,32,0.0022759907316615073,3,256
MLP_alsfrs-r_T2_T4,trial_30,16,3.7537892840468804e-05,4,512
MLP_alsfrs-r_T2_T4,trial_37,32,0.0006581734639926545,3,256
MLP_alsfrs-r_T2_T4,trial_15,16,0.00017207249620446348,2,32
MLP_alsfrs-r_T2_T4,trial_12,16,2.7645841767692812e-05,3,256
MLP_alsfrs-r_T2_T4,trial_24,16,9.682279979144747e-05,4,512
MLP_alsfrs-r_T2_T4,trial_23,16,5.800864859457524e-05,3,512
MLP_alsfrs-r_T2_T4,trial_5,16,0.004278487644414791,4,1024
MLP_alsfrs-r_T2_T4,trial_48,32,0.0030300494374443433,4,256
MLP_alsfrs-r_T2_T4,trial_2,32,0.0004217903684322744,5,1024
MLP_alsfrs-r_T2_T4,trial_46,32,0.0017186682887677812,5,256
MLP_alsfrs-r_T2_T4,trial_41,32,0.0013895209578943665,5,256
MLP_alsfrs-r_T2_T4,trial_22,16,8.068160231657201e-05,3,512
MLP_alsfrs-r_T2_T4,trial_25,16,3.9411283331304496e-05,3,128
MLP_alsfrs-r_T2_T4,trial_13,16,0.00019529113307192267,2,512
MLP_alsfrs-r_T2_T4,trial_14,64,0.0009047772487020681,2,64
MLP_alsfrs-r_T2_T4,trial_40,32,0.0018701714043383422,4,256
MLP_alsfrs-r_T2_T4,trial_47,32,0.004839787109574455,5,256
MLP_alsfrs-r_T2_T4,trial_3,16,0.00010045665271854916,3,256
MLP_alsfrs-r_T2_T4,trial_4,128,1.2734854886590179e-05,4,256
MLP_alsfrs-r_T2_T4,trial_49,32,0.0016340146807198197,5,256
MLP_alsfrs-r_T2_T4,trial_32,16,0.009113267201957228,2,512
MLP_alsfrs-r_T2_T4,trial_35,16,0.00032268331774681225,2,1024
MLP_alsfrs-r_T2_T4,trial_34,128,0.00039614987267155426,3,128
MLP_alsfrs-r_T2_T4,trial_33,16,6.24464756505595e-05,1,512
MLP_alsfrs-r_T2_T4,trial_1,128,0.00047657806123279793,1,128
MLP_alsfrs-r_T2_T4,trial_6,128,1.5892727180315373e-05,1,1024
MLP_alsfrs-r_T2_T4,trial_42,32,0.0021876300237209656,5,256
MLP_alsfrs-r_T2_T4,trial_45,32,0.003927451555715923,5,256
MLP_alsfrs-r_T2_T4,trial_8,16,0.0021812485463741944,5,512
MLP_alsfrs-r_T2_T4,trial_11,16,5.721760086065386e-05,3,64
MLP_alsfrs-r_T2_T4,trial_29,64,3.843603320386231e-05,5,512
MLP_alsfrs-r_T2_T4,trial_16,16,0.0012223145946459815,1,128
MLP_alsfrs-r_T2_T4,trial_20,16,0.0008340404136920707,4,512
MLP_alsfrs-r_T2_T4,trial_18,64,6.62865914904613e-05,3,512
MLP_alsfrs-r_T2_T4,trial_27,32,1.1003879274072834e-05,4,32
MLP_alsfrs-r_T2_T4,trial_44,32,0.0025155581063374924,5,256
MLP_alsfrs-r_T2_T4,trial_9,128,0.0001337161160269126,2,32
MLP_alsfrs-r_T2_T4,trial_43,32,0.0021560790800578453,5,256
MLP_alsfrs-r_T2_T4,trial_7,16,2.2206824660060244e-05,3,512
MLP_alsfrs-r_T2_T4,trial_0,64,3.883424291477433e-05,4,512
MLP_alsfrs-r_T2_T4,trial_19,32,0.00021729448188908865,3,256
MLP_alsfrs-r_T2_T4,trial_26,16,2.2742260437502297e-05,3,64
MLP_alsfrs-r_T2_T4,trial_21,16,2.599445900206334e-05,3,512
MLP_alsfrs-r_T2_T4,trial_28,64,9.911748654677025e-05,3,256
MLP_alsfrs-r_T2_T4,trial_17,16,0.00026331595084692585,2,256
MLP_alsfrs-r_T2_T4,trial_10,32,9.879519299987868e-05,2,256
