dataset,trial,mae,rmse,r2
MLP_alsfrs-r_T2-T3_T4,trial_53,2.7755134105682373,3.7412285804748535,0.7952961921691895
MLP_alsfrs-r_T2-T3_T4,trial_36,2.205852508544922,3.0414817333221436,0.8636010885238647
MLP_alsfrs-r_T2-T3_T4,trial_31,2.2871131896972656,3.0872933864593506,0.8606922030448914
MLP_alsfrs-r_T2-T3_T4,trial_38,2.6982805728912354,3.4146223068237305,0.8342563509941101
MLP_alsfrs-r_T2-T3_T4,trial_52,2.266737699508667,3.171184778213501,0.8501380681991577
MLP_alsfrs-r_T2-T3_T4,trial_39,2.186835527420044,3.036893844604492,0.863269567489624
MLP_alsfrs-r_T2-T3_T4,trial_30,2.2197585105895996,3.0246317386627197,0.8649442195892334
MLP_alsfrs-r_T2-T3_T4,trial_37,2.2031784057617188,3.0584774017333984,0.8616188764572144
MLP_alsfrs-r_T2-T3_T4,trial_15,2.188098669052124,3.0344016551971436,0.8638232350349426
MLP_alsfrs-r_T2-T3_T4,trial_12,2.1940455436706543,3.0228943824768066,0.8648644089698792
MLP_alsfrs-r_T2-T3_T4,trial_24,2.2450973987579346,3.036808729171753,0.8639583587646484
MLP_alsfrs-r_T2-T3_T4,trial_23,2.233736038208008,3.1114776134490967,0.8574361205101013
MLP_alsfrs-r_T2-T3_T4,trial_5,2.259279727935791,3.1138882637023926,0.8576216697692871
MLP_alsfrs-r_T2-T3_T4,trial_48,2.202573299407959,3.0236024856567383,0.8648785352706909
MLP_alsfrs-r_T2-T3_T4,trial_2,2.2303977012634277,3.125213146209717,0.8554180264472961
MLP_alsfrs-r_T2-T3_T4,trial_46,2.573031425476074,3.300072193145752,0.841890275478363
MLP_alsfrs-r_T2-T3_T4,trial_41,2.29352068901062,3.2159507274627686,0.8464253544807434
MLP_alsfrs-r_T2-T3_T4,trial_22,2.269171953201294,3.0653674602508545,0.862007737159729
MLP_alsfrs-r_T2-T3_T4,trial_25,2.2330873012542725,3.1211864948272705,0.855217456817627
MLP_alsfrs-r_T2-T3_T4,trial_13,2.2443370819091797,3.0659899711608887,0.8618127107620239
MLP_alsfrs-r_T2-T3_T4,trial_14,2.4372670650482178,3.3769731521606445,0.8324428796768188
MLP_alsfrs-r_T2-T3_T4,trial_40,2.24139666557312,3.1410059928894043,0.8542816638946533
MLP_alsfrs-r_T2-T3_T4,trial_47,2.3944766521453857,3.1772313117980957,0.8532655835151672
MLP_alsfrs-r_T2-T3_T4,trial_3,2.1848015785217285,3.058131456375122,0.86173015832901
MLP_alsfrs-r_T2-T3_T4,trial_4,2.245767116546631,3.060262441635132,0.8629583716392517
MLP_alsfrs-r_T2-T3_T4,trial_49,2.374675750732422,3.1324102878570557,0.8569375872612
MLP_alsfrs-r_T2-T3_T4,trial_32,2.4513866901397705,3.1974711418151855,0.8519262075424194
MLP_alsfrs-r_T2-T3_T4,trial_35,2.7285332679748535,3.6701090335845947,0.8033825159072876
MLP_alsfrs-r_T2-T3_T4,trial_50,2.491885185241699,3.215620517730713,0.8514610528945923
MLP_alsfrs-r_T2-T3_T4,trial_34,2.2490856647491455,3.1470322608947754,0.8524410724639893
MLP_alsfrs-r_T2-T3_T4,trial_33,2.195077657699585,3.014662742614746,0.865291178226471
MLP_alsfrs-r_T2-T3_T4,trial_51,2.2388975620269775,3.0253679752349854,0.864737331867218
MLP_alsfrs-r_T2-T3_T4,trial_1,2.288625717163086,3.2109286785125732,0.8473946452140808
MLP_alsfrs-r_T2-T3_T4,trial_6,2.256580114364624,3.048682928085327,0.8640549182891846
MLP_alsfrs-r_T2-T3_T4,trial_42,2.206321954727173,3.065538167953491,0.8610653281211853
MLP_alsfrs-r_T2-T3_T4,trial_45,2.1793160438537598,3.049180746078491,0.8617053627967834
MLP_alsfrs-r_T2-T3_T4,trial_8,2.7030231952667236,3.4365296363830566,0.8319926261901855
MLP_alsfrs-r_T2-T3_T4,trial_11,2.4572594165802,3.257946729660034,0.8465583920478821
MLP_alsfrs-r_T2-T3_T4,trial_29,2.253159284591675,3.0976383686065674,0.8580670952796936
MLP_alsfrs-r_T2-T3_T4,trial_16,2.3944385051727295,3.1353533267974854,0.8574414253234863
MLP_alsfrs-r_T2-T3_T4,trial_20,2.2518792152404785,3.1461875438690186,0.8531036972999573
MLP_alsfrs-r_T2-T3_T4,trial_18,2.2125604152679443,3.033581018447876,0.8642922639846802
MLP_alsfrs-r_T2-T3_T4,trial_27,2.1965677738189697,3.0255017280578613,0.8646624088287354
MLP_alsfrs-r_T2-T3_T4,trial_44,2.4282100200653076,3.212411880493164,0.8498291969299316
MLP_alsfrs-r_T2-T3_T4,trial_9,2.2205843925476074,3.046064615249634,0.8630431294441223
MLP_alsfrs-r_T2-T3_T4,trial_43,2.2968192100524902,3.066643238067627,0.862554669380188
MLP_alsfrs-r_T2-T3_T4,trial_7,2.3657867908477783,3.1383395195007324,0.8562380075454712
MLP_alsfrs-r_T2-T3_T4,trial_0,2.208888053894043,3.0414845943450928,0.8636560440063477
MLP_alsfrs-r_T2-T3_T4,trial_19,2.2831594944000244,3.0858163833618164,0.8601462244987488
MLP_alsfrs-r_T2-T3_T4,trial_26,2.283283233642578,3.103182077407837,0.858400821685791
MLP_alsfrs-r_T2-T3_T4,trial_21,2.1863300800323486,3.04913592338562,0.8621627688407898
MLP_alsfrs-r_T2-T3_T4,trial_28,2.4006431102752686,3.1533901691436768,0.8547090291976929
MLP_alsfrs-r_T2-T3_T4,trial_17,2.2539188861846924,3.1411263942718506,0.854656994342804
MLP_alsfrs-r_T2-T3_T4,trial_10,2.24878191947937,3.0827078819274902,0.8600619435310364
MLP_alsfrs-r_T3_T4,trial_53,2.663830518722534,3.3198325634002686,0.850007176399231
MLP_alsfrs-r_T3_T4,trial_36,2.31777024269104,3.0544769763946533,0.8679825663566589
MLP_alsfrs-r_T3_T4,trial_31,2.2987172603607178,3.0914742946624756,0.8631659746170044
MLP_alsfrs-r_T3_T4,trial_38,2.599910259246826,3.4386746883392334,0.8273085355758667
MLP_alsfrs-r_T3_T4,trial_52,2.3040847778320312,3.1300716400146484,0.8578835129737854
MLP_alsfrs-r_T3_T4,trial_39,2.2894320487976074,3.097654342651367,0.862302303314209
MLP_alsfrs-r_T3_T4,trial_30,2.280900716781616,3.07759952545166,0.8641120195388794
MLP_alsfrs-r_T3_T4,trial_37,2.3193845748901367,3.0524795055389404,0.8684930205345154
MLP_alsfrs-r_T3_T4,trial_15,2.3000285625457764,3.0826244354248047,0.8644030690193176
MLP_alsfrs-r_T3_T4,trial_12,2.271211862564087,3.0541141033172607,0.8667360544204712
MLP_alsfrs-r_T3_T4,trial_24,2.2764499187469482,3.063926935195923,0.8658321499824524
MLP_alsfrs-r_T3_T4,trial_23,2.391329288482666,3.114765167236328,0.8643888235092163
MLP_alsfrs-r_T3_T4,trial_5,2.3530077934265137,3.080101251602173,0.865763247013092
MLP_alsfrs-r_T3_T4,trial_48,2.2995615005493164,3.115342378616333,0.8600646257400513
MLP_alsfrs-r_T3_T4,trial_2,2.337634563446045,3.1261556148529053,0.8597069978713989
MLP_alsfrs-r_T3_T4,trial_46,2.3440778255462646,3.0576975345611572,0.868547797203064
MLP_alsfrs-r_T3_T4,trial_41,2.360302686691284,3.0656039714813232,0.8686577677726746
MLP_alsfrs-r_T3_T4,trial_22,2.2970731258392334,3.067512035369873,0.8657182455062866
MLP_alsfrs-r_T3_T4,trial_25,2.2921299934387207,3.0790772438049316,0.8644188642501831
MLP_alsfrs-r_T3_T4,trial_13,2.3200833797454834,3.0436179637908936,0.8694126605987549
MLP_alsfrs-r_T3_T4,trial_14,2.3728299140930176,3.1093480587005615,0.8630796670913696
MLP_alsfrs-r_T3_T4,trial_40,2.3365635871887207,3.059899091720581,0.8682030439376831
MLP_alsfrs-r_T3_T4,trial_47,2.7973976135253906,3.4387998580932617,0.8395626544952393
MLP_alsfrs-r_T3_T4,trial_3,2.3030314445495605,3.0743207931518555,0.8650601506233215
MLP_alsfrs-r_T3_T4,trial_4,2.301452875137329,3.0488176345825195,0.8682591319084167
MLP_alsfrs-r_T3_T4,trial_49,2.521461009979248,3.1716885566711426,0.8623425960540771
MLP_alsfrs-r_T3_T4,trial_32,2.6494710445404053,3.295525074005127,0.8518860936164856
MLP_alsfrs-r_T3_T4,trial_35,2.7417495250701904,3.368236780166626,0.8471825122833252
MLP_alsfrs-r_T3_T4,trial_50,2.361220598220825,3.1544368267059326,0.857627272605896
MLP_alsfrs-r_T3_T4,trial_34,2.3992340564727783,3.2395336627960205,0.847464919090271
MLP_alsfrs-r_T3_T4,trial_33,2.324514389038086,3.0421884059906006,0.869634747505188
MLP_alsfrs-r_T3_T4,trial_51,2.2754228115081787,3.0662262439727783,0.8652675747871399
MLP_alsfrs-r_T3_T4,trial_1,2.280562162399292,3.09035062789917,0.8627969622612
MLP_alsfrs-r_T3_T4,trial_6,2.302342653274536,3.0578324794769287,0.8673280477523804
MLP_alsfrs-r_T3_T4,trial_42,2.2867181301116943,3.073997735977173,0.8647723197937012
MLP_alsfrs-r_T3_T4,trial_45,2.2787914276123047,3.069246530532837,0.8651726841926575
MLP_alsfrs-r_T3_T4,trial_8,2.3957889080047607,3.086453914642334,0.8670963644981384
MLP_alsfrs-r_T3_T4,trial_11,2.336390495300293,3.077440023422241,0.8656671047210693
MLP_alsfrs-r_T3_T4,trial_29,2.4713799953460693,3.1354315280914307,0.8639096021652222
MLP_alsfrs-r_T3_T4,trial_16,2.342775821685791,3.044782876968384,0.8704291582107544
MLP_alsfrs-r_T3_T4,trial_20,2.3495452404022217,3.1730880737304688,0.8551430106163025
MLP_alsfrs-r_T3_T4,trial_18,2.3110482692718506,3.090315580368042,0.8636141419410706
MLP_alsfrs-r_T3_T4,trial_27,2.2841508388519287,3.0595126152038574,0.8661620020866394
MLP_alsfrs-r_T3_T4,trial_44,2.9145395755767822,3.727241277694702,0.7966539263725281
MLP_alsfrs-r_T3_T4,trial_9,2.2830121517181396,3.064256429672241,0.865847110748291
MLP_alsfrs-r_T3_T4,trial_43,2.296290874481201,3.043598175048828,0.8687208890914917
MLP_alsfrs-r_T3_T4,trial_7,2.288052797317505,3.0515944957733154,0.8672341704368591
MLP_alsfrs-r_T3_T4,trial_0,2.2932896614074707,3.05177903175354,0.8672947287559509
MLP_alsfrs-r_T3_T4,trial_19,2.290583372116089,3.093259811401367,0.8625451922416687
MLP_alsfrs-r_T3_T4,trial_26,2.4450488090515137,3.117003917694092,0.8650909066200256
MLP_alsfrs-r_T3_T4,trial_21,2.301934242248535,3.084383249282837,0.864101231098175
MLP_alsfrs-r_T3_T4,trial_28,2.3337111473083496,3.056584119796753,0.8679193258285522
MLP_alsfrs-r_T3_T4,trial_17,2.4358503818511963,3.109172821044922,0.8663209676742554
MLP_alsfrs-r_T3_T4,trial_10,2.3002805709838867,3.0449676513671875,0.8687753677368164
MLP_alsfrs-r_T2_T3,trial_53,2.4602255821228027,3.3063461780548096,0.8134089708328247
MLP_alsfrs-r_T2_T3,trial_36,2.425116539001465,3.353342294692993,0.8102322220802307
MLP_alsfrs-r_T2_T3,trial_31,2.3978447914123535,3.315279245376587,0.8130325675010681
MLP_alsfrs-r_T2_T3,trial_38,2.494173765182495,3.329286813735962,0.809817910194397
MLP_alsfrs-r_T2_T3,trial_52,2.4664177894592285,3.464479684829712,0.7965663075447083
MLP_alsfrs-r_T2_T3,trial_39,2.429091453552246,3.3603897094726562,0.80986088514328
MLP_alsfrs-r_T2_T3,trial_30,2.439995288848877,3.370316982269287,0.8092136979103088
MLP_alsfrs-r_T2_T3,trial_37,2.4067392349243164,3.3676648139953613,0.8080912232398987
MLP_alsfrs-r_T2_T3,trial_15,2.486943244934082,3.3416619300842285,0.8108593821525574
MLP_alsfrs-r_T2_T3,trial_12,2.4316442012786865,3.3729474544525146,0.808239221572876
MLP_alsfrs-r_T2_T3,trial_24,2.5015368461608887,3.363485813140869,0.8091229200363159
MLP_alsfrs-r_T2_T3,trial_23,2.4429616928100586,3.429511308670044,0.8015109300613403
MLP_alsfrs-r_T2_T3,trial_5,2.6264898777008057,3.668121814727783,0.7733903527259827
MLP_alsfrs-r_T2_T3,trial_48,2.443006753921509,3.404536485671997,0.804807186126709
MLP_alsfrs-r_T2_T3,trial_2,2.466428756713867,3.3035974502563477,0.8130050897598267
MLP_alsfrs-r_T2_T3,trial_46,2.4241034984588623,3.3095650672912598,0.8146453499794006
MLP_alsfrs-r_T2_T3,trial_41,2.5491409301757812,3.3497095108032227,0.8085527420043945
MLP_alsfrs-r_T2_T3,trial_22,2.3937137126922607,3.3401308059692383,0.8104199171066284
MLP_alsfrs-r_T2_T3,trial_25,2.4310553073883057,3.2967045307159424,0.8151028752326965
MLP_alsfrs-r_T2_T3,trial_13,2.42362117767334,3.2836782932281494,0.8157602548599243
MLP_alsfrs-r_T2_T3,trial_14,2.4135518074035645,3.379575729370117,0.8065762519836426
MLP_alsfrs-r_T2_T3,trial_40,2.4964396953582764,3.3242554664611816,0.8121106624603271
MLP_alsfrs-r_T2_T3,trial_47,2.599327802658081,3.4010186195373535,0.8003113269805908
MLP_alsfrs-r_T2_T3,trial_3,2.4587631225585938,3.337191343307495,0.8117567896842957
MLP_alsfrs-r_T2_T3,trial_4,2.414848804473877,3.336277723312378,0.8116363286972046
MLP_alsfrs-r_T2_T3,trial_49,2.5977516174316406,3.626516342163086,0.7776345014572144
MLP_alsfrs-r_T2_T3,trial_32,2.8405895233154297,3.551870346069336,0.7795776128768921
MLP_alsfrs-r_T2_T3,trial_35,2.459108591079712,3.3079800605773926,0.8128512501716614
MLP_alsfrs-r_T2_T3,trial_50,2.421351909637451,3.4055285453796387,0.8029079437255859
MLP_alsfrs-r_T2_T3,trial_34,2.604930877685547,3.381577253341675,0.8021183609962463
MLP_alsfrs-r_T2_T3,trial_33,2.4407310485839844,3.2918896675109863,0.8154668807983398
MLP_alsfrs-r_T2_T3,trial_51,2.4229626655578613,3.3467793464660645,0.8105378150939941
MLP_alsfrs-r_T2_T3,trial_1,2.4339029788970947,3.297807216644287,0.8153631091117859
MLP_alsfrs-r_T2_T3,trial_6,2.446301221847534,3.351454734802246,0.8103296756744385
MLP_alsfrs-r_T2_T3,trial_42,2.4444198608398438,3.3733224868774414,0.8082868456840515
MLP_alsfrs-r_T2_T3,trial_45,2.4430954456329346,3.4300506114959717,0.8019264936447144
MLP_alsfrs-r_T2_T3,trial_8,2.406186580657959,3.3707523345947266,0.8072152733802795
MLP_alsfrs-r_T2_T3,trial_11,2.7213354110717773,3.460007429122925,0.7930206656455994
MLP_alsfrs-r_T2_T3,trial_29,2.497072458267212,3.3141822814941406,0.8119149208068848
MLP_alsfrs-r_T2_T3,trial_16,2.40852427482605,3.3515164852142334,0.8098703026771545
MLP_alsfrs-r_T2_T3,trial_20,2.82861328125,3.8769724369049072,0.7469727993011475
MLP_alsfrs-r_T2_T3,trial_18,2.4421277046203613,3.373879909515381,0.8083895444869995
MLP_alsfrs-r_T2_T3,trial_27,2.4238224029541016,3.347151041030884,0.8106585741043091
MLP_alsfrs-r_T2_T3,trial_44,2.522052049636841,3.332880973815918,0.809460461139679
MLP_alsfrs-r_T2_T3,trial_9,2.4281997680664062,3.3472163677215576,0.8106377124786377
MLP_alsfrs-r_T2_T3,trial_43,2.3980770111083984,3.3595592975616455,0.8079266548156738
MLP_alsfrs-r_T2_T3,trial_7,2.3997445106506348,3.3073906898498535,0.8136882185935974
MLP_alsfrs-r_T2_T3,trial_0,2.434781312942505,3.3449106216430664,0.8112287521362305
MLP_alsfrs-r_T2_T3,trial_19,2.44162917137146,3.4282891750335693,0.8010116219520569
MLP_alsfrs-r_T2_T3,trial_26,2.743914842605591,3.49302077293396,0.7861618399620056
MLP_alsfrs-r_T2_T3,trial_21,2.4376070499420166,3.3652470111846924,0.8085536360740662
MLP_alsfrs-r_T2_T3,trial_28,2.3882877826690674,3.3537909984588623,0.8082776069641113
MLP_alsfrs-r_T2_T3,trial_17,2.580944061279297,3.3574910163879395,0.8059709072113037
MLP_alsfrs-r_T2_T3,trial_10,2.3805668354034424,3.297881841659546,0.8150432705879211
MLP_alsfrs-r_T1-T2-T3_T4,trial_53,2.3908703327178955,3.162302255630493,0.8548858761787415
MLP_alsfrs-r_T1-T2-T3_T4,trial_36,2.185945510864258,3.050720691680908,0.859798789024353
MLP_alsfrs-r_T1-T2-T3_T4,trial_31,2.2256476879119873,3.052222967147827,0.8611204624176025
MLP_alsfrs-r_T1-T2-T3_T4,trial_38,2.283770799636841,3.084385871887207,0.8581283688545227
MLP_alsfrs-r_T1-T2-T3_T4,trial_52,2.2262425422668457,3.1097652912139893,0.8531606793403625
MLP_alsfrs-r_T1-T2-T3_T4,trial_39,2.242741107940674,3.039430618286133,0.8624982237815857
MLP_alsfrs-r_T1-T2-T3_T4,trial_30,2.2057981491088867,3.0118625164031982,0.8648887872695923
MLP_alsfrs-r_T1-T2-T3_T4,trial_37,2.2103195190429688,3.0939717292785645,0.8563517928123474
MLP_alsfrs-r_T1-T2-T3_T4,trial_15,2.243825674057007,3.042599678039551,0.8626256585121155
MLP_alsfrs-r_T1-T2-T3_T4,trial_12,2.2013187408447266,3.027891159057617,0.8634859323501587
MLP_alsfrs-r_T1-T2-T3_T4,trial_24,2.1923203468322754,3.055373430252075,0.8596416711807251
MLP_alsfrs-r_T1-T2-T3_T4,trial_23,2.427326202392578,3.202565908432007,0.8512579798698425
MLP_alsfrs-r_T1-T2-T3_T4,trial_5,2.230686664581299,3.0819430351257324,0.8566977381706238
MLP_alsfrs-r_T1-T2-T3_T4,trial_48,2.2094719409942627,3.0048978328704834,0.865486741065979
MLP_alsfrs-r_T1-T2-T3_T4,trial_2,2.2459137439727783,3.1355338096618652,0.8526760339736938
MLP_alsfrs-r_T1-T2-T3_T4,trial_46,2.598693609237671,3.3020143508911133,0.8425654172897339
MLP_alsfrs-r_T1-T2-T3_T4,trial_41,2.2536380290985107,3.131566047668457,0.8518365025520325
MLP_alsfrs-r_T1-T2-T3_T4,trial_22,2.252079486846924,3.052029848098755,0.8617463707923889
MLP_alsfrs-r_T1-T2-T3_T4,trial_25,2.2278623580932617,3.0514674186706543,0.8604334592819214
MLP_alsfrs-r_T1-T2-T3_T4,trial_13,2.4586379528045654,3.390167474746704,0.8273993730545044
MLP_alsfrs-r_T1-T2-T3_T4,trial_14,2.4037582874298096,3.2998125553131104,0.8354054093360901
MLP_alsfrs-r_T1-T2-T3_T4,trial_40,2.255432605743408,3.1617205142974854,0.848814070224762
MLP_alsfrs-r_T1-T2-T3_T4,trial_47,2.580960273742676,3.3129184246063232,0.8405942320823669
MLP_alsfrs-r_T1-T2-T3_T4,trial_3,2.2625932693481445,3.0558693408966064,0.8619420528411865
MLP_alsfrs-r_T1-T2-T3_T4,trial_4,2.1998116970062256,3.082540988922119,0.8568177819252014
MLP_alsfrs-r_T1-T2-T3_T4,trial_49,2.3249623775482178,3.0858407020568848,0.8593224287033081
MLP_alsfrs-r_T1-T2-T3_T4,trial_32,2.603522539138794,3.51745867729187,0.8134486079216003
MLP_alsfrs-r_T1-T2-T3_T4,trial_35,2.3253917694091797,3.1183295249938965,0.8565291166305542
MLP_alsfrs-r_T1-T2-T3_T4,trial_50,3.1706669330596924,4.022280693054199,0.7614491581916809
MLP_alsfrs-r_T1-T2-T3_T4,trial_34,2.2329518795013428,3.103356122970581,0.8545426726341248
MLP_alsfrs-r_T1-T2-T3_T4,trial_33,2.209872245788574,3.022576332092285,0.863787055015564
MLP_alsfrs-r_T1-T2-T3_T4,trial_51,2.1628575325012207,3.0162713527679443,0.8630644083023071
MLP_alsfrs-r_T1-T2-T3_T4,trial_1,2.2566263675689697,3.162313222885132,0.8494773507118225
MLP_alsfrs-r_T1-T2-T3_T4,trial_6,2.26171875,3.054750680923462,0.8621037006378174
MLP_alsfrs-r_T1-T2-T3_T4,trial_42,2.2382471561431885,3.0369582176208496,0.8627268075942993
MLP_alsfrs-r_T1-T2-T3_T4,trial_45,2.216160535812378,3.0181071758270264,0.8641490340232849
MLP_alsfrs-r_T1-T2-T3_T4,trial_8,2.331395149230957,3.2333178520202637,0.8423741459846497
MLP_alsfrs-r_T1-T2-T3_T4,trial_11,2.2641942501068115,3.066159248352051,0.8596404194831848
MLP_alsfrs-r_T1-T2-T3_T4,trial_29,2.424428701400757,3.3490846157073975,0.830883800983429
MLP_alsfrs-r_T1-T2-T3_T4,trial_16,2.239675521850586,3.059380531311035,0.8595346212387085
MLP_alsfrs-r_T1-T2-T3_T4,trial_20,2.563859701156616,3.4764060974121094,0.8188157677650452
MLP_alsfrs-r_T1-T2-T3_T4,trial_18,2.2129948139190674,3.0298514366149902,0.8632305860519409
MLP_alsfrs-r_T1-T2-T3_T4,trial_27,2.2121152877807617,3.0168421268463135,0.8649289011955261
MLP_alsfrs-r_T1-T2-T3_T4,trial_44,2.2841956615448,3.1836397647857666,0.8460330963134766
MLP_alsfrs-r_T1-T2-T3_T4,trial_9,2.2256853580474854,3.046290874481201,0.8620226979255676
MLP_alsfrs-r_T1-T2-T3_T4,trial_43,2.210934638977051,3.0541248321533203,0.8595815896987915
MLP_alsfrs-r_T1-T2-T3_T4,trial_7,2.281447172164917,3.0742831230163574,0.8606085181236267
MLP_alsfrs-r_T1-T2-T3_T4,trial_0,2.2131314277648926,3.040728807449341,0.8627911806106567
MLP_alsfrs-r_T1-T2-T3_T4,trial_19,2.201687812805176,3.0305368900299072,0.8622945547103882
MLP_alsfrs-r_T1-T2-T3_T4,trial_26,2.3616273403167725,3.127415418624878,0.8559176921844482
MLP_alsfrs-r_T1-T2-T3_T4,trial_21,2.1982433795928955,3.0151009559631348,0.8646904826164246
MLP_alsfrs-r_T1-T2-T3_T4,trial_28,2.2325308322906494,3.055227041244507,0.8602551221847534
MLP_alsfrs-r_T1-T2-T3_T4,trial_17,2.2791078090667725,3.1158368587493896,0.8554520010948181
MLP_alsfrs-r_T1-T2-T3_T4,trial_10,2.2832517623901367,3.2096102237701416,0.8450891971588135
MLP_alsfrs-r_T2-T3-T4_T5,trial_53,3.9442827701568604,4.775418281555176,0.6785919666290283
MLP_alsfrs-r_T2-T3-T4_T5,trial_36,2.500566244125366,3.2732226848602295,0.8571360111236572
MLP_alsfrs-r_T2-T3-T4_T5,trial_31,2.3132474422454834,3.0150623321533203,0.8730534315109253
MLP_alsfrs-r_T2-T3-T4_T5,trial_38,2.3588039875030518,3.0696048736572266,0.8705607652664185
MLP_alsfrs-r_T2-T3-T4_T5,trial_52,2.572262763977051,3.1504623889923096,0.8671530485153198
MLP_alsfrs-r_T2-T3-T4_T5,trial_39,2.398585081100464,3.152592897415161,0.8638007044792175
MLP_alsfrs-r_T2-T3-T4_T5,trial_30,2.379476547241211,3.0986335277557373,0.8681853413581848
MLP_alsfrs-r_T2-T3-T4_T5,trial_37,2.379418134689331,3.089488983154297,0.8691885471343994
MLP_alsfrs-r_T2-T3-T4_T5,trial_15,2.4118871688842773,3.145376682281494,0.8660858869552612
MLP_alsfrs-r_T2-T3-T4_T5,trial_12,2.398874521255493,3.1478066444396973,0.8654252886772156
MLP_alsfrs-r_T2-T3-T4_T5,trial_24,2.366665840148926,3.0882229804992676,0.8696661591529846
MLP_alsfrs-r_T2-T3-T4_T5,trial_23,2.3395891189575195,3.080125093460083,0.8684316277503967
MLP_alsfrs-r_T2-T3-T4_T5,trial_5,2.6528830528259277,3.4814891815185547,0.8279887437820435
MLP_alsfrs-r_T2-T3-T4_T5,trial_48,2.363447904586792,3.0807042121887207,0.8694277405738831
MLP_alsfrs-r_T2-T3-T4_T5,trial_2,2.516282320022583,3.1120617389678955,0.8707109093666077
MLP_alsfrs-r_T2-T3-T4_T5,trial_46,2.417618989944458,3.202335834503174,0.8547636270523071
MLP_alsfrs-r_T2-T3-T4_T5,trial_41,2.5597989559173584,3.362922191619873,0.8413437008857727
MLP_alsfrs-r_T2-T3-T4_T5,trial_22,2.394392967224121,3.1952271461486816,0.8571328520774841
MLP_alsfrs-r_T2-T3-T4_T5,trial_25,2.3638505935668945,3.105522632598877,0.8651705384254456
MLP_alsfrs-r_T2-T3-T4_T5,trial_13,2.370736598968506,3.0548999309539795,0.8720158338546753
MLP_alsfrs-r_T2-T3-T4_T5,trial_14,2.712179660797119,3.2613227367401123,0.8607651591300964
MLP_alsfrs-r_T2-T3-T4_T5,trial_40,2.3525478839874268,3.078000068664551,0.8686957955360413
MLP_alsfrs-r_T2-T3-T4_T5,trial_47,2.550806999206543,3.1325294971466064,0.8677051067352295
MLP_alsfrs-r_T2-T3-T4_T5,trial_3,2.546257495880127,3.3639471530914307,0.8499106168746948
MLP_alsfrs-r_T2-T3-T4_T5,trial_4,2.3908188343048096,3.1211419105529785,0.8664389252662659
MLP_alsfrs-r_T2-T3-T4_T5,trial_49,2.5237343311309814,3.3404037952423096,0.8415513038635254
MLP_alsfrs-r_T2-T3-T4_T5,trial_32,2.652555465698242,3.4840896129608154,0.8297598361968994
MLP_alsfrs-r_T2-T3-T4_T5,trial_35,2.7357523441314697,3.2825124263763428,0.8581291437149048
MLP_alsfrs-r_T2-T3-T4_T5,trial_50,2.5697267055511475,3.3991458415985107,0.8385982513427734
MLP_alsfrs-r_T2-T3-T4_T5,trial_34,2.7453274726867676,3.288163900375366,0.8583794236183167
MLP_alsfrs-r_T2-T3-T4_T5,trial_33,2.3526322841644287,3.0759754180908203,0.8702170252799988
MLP_alsfrs-r_T2-T3-T4_T5,trial_51,2.357161283493042,3.0963070392608643,0.8674091100692749
MLP_alsfrs-r_T2-T3-T4_T5,trial_1,2.3758859634399414,3.0876665115356445,0.868389368057251
MLP_alsfrs-r_T2-T3-T4_T5,trial_6,2.4172463417053223,3.16778826713562,0.8641160130500793
MLP_alsfrs-r_T2-T3-T4_T5,trial_42,2.4366204738616943,3.1973040103912354,0.861954391002655
MLP_alsfrs-r_T2-T3-T4_T5,trial_45,2.3735430240631104,3.077605724334717,0.8704895973205566
MLP_alsfrs-r_T2-T3-T4_T5,trial_8,2.364464521408081,3.1193714141845703,0.8653008937835693
MLP_alsfrs-r_T2-T3-T4_T5,trial_11,2.350430727005005,3.1055140495300293,0.865979790687561
MLP_alsfrs-r_T2-T3-T4_T5,trial_29,3.148502826690674,3.67718505859375,0.8269065618515015
MLP_alsfrs-r_T2-T3-T4_T5,trial_16,2.3542563915252686,3.070199489593506,0.8701611757278442
MLP_alsfrs-r_T2-T3-T4_T5,trial_20,2.377418041229248,3.1211726665496826,0.8625115156173706
MLP_alsfrs-r_T2-T3-T4_T5,trial_18,2.4425652027130127,3.193665027618408,0.8626393675804138
MLP_alsfrs-r_T2-T3-T4_T5,trial_27,2.3817708492279053,3.092698812484741,0.8688735961914062
MLP_alsfrs-r_T2-T3-T4_T5,trial_44,2.6635632514953613,3.2286694049835205,0.861823320388794
MLP_alsfrs-r_T2-T3-T4_T5,trial_9,2.375239372253418,3.1169371604919434,0.8674598336219788
MLP_alsfrs-r_T2-T3-T4_T5,trial_43,2.4789810180664062,3.0909743309020996,0.8710130453109741
MLP_alsfrs-r_T2-T3-T4_T5,trial_7,2.3604514598846436,3.1193010807037354,0.8656238317489624
MLP_alsfrs-r_T2-T3-T4_T5,trial_0,2.4214730262756348,3.1799044609069824,0.8629732131958008
MLP_alsfrs-r_T2-T3-T4_T5,trial_19,2.4230597019195557,3.0605149269104004,0.8729130625724792
MLP_alsfrs-r_T2-T3-T4_T5,trial_26,2.580625534057617,3.1839864253997803,0.8646687269210815
MLP_alsfrs-r_T2-T3-T4_T5,trial_21,2.396132469177246,3.129284381866455,0.8671246767044067
MLP_alsfrs-r_T2-T3-T4_T5,trial_28,2.426325798034668,3.2332465648651123,0.8529565334320068
MLP_alsfrs-r_T2-T3-T4_T5,trial_17,2.660482406616211,3.2239484786987305,0.8617883920669556
MLP_alsfrs-r_T2-T3-T4_T5,trial_10,2.4153892993927,3.071115255355835,0.8715143799781799
MLP_alsfrs-r_T1-T2_T3,trial_53,2.3696227073669434,3.2710299491882324,0.8156444430351257
MLP_alsfrs-r_T1-T2_T3,trial_36,2.354526996612549,3.2904510498046875,0.8154935836791992
MLP_alsfrs-r_T1-T2_T3,trial_31,2.349918842315674,3.2836694717407227,0.8160682320594788
MLP_alsfrs-r_T1-T2_T3,trial_38,2.3852107524871826,3.2437212467193604,0.8197422027587891
MLP_alsfrs-r_T1-T2_T3,trial_52,3.180790424346924,3.8033013343811035,0.742279589176178
MLP_alsfrs-r_T1-T2_T3,trial_39,2.5418450832366943,3.453488349914551,0.7975553870201111
MLP_alsfrs-r_T1-T2_T3,trial_30,2.4071240425109863,3.2674400806427,0.8173313140869141
MLP_alsfrs-r_T1-T2_T3,trial_37,2.4589836597442627,3.28110408782959,0.8138303160667419
MLP_alsfrs-r_T1-T2_T3,trial_15,2.434556007385254,3.3088090419769287,0.8124727010726929
MLP_alsfrs-r_T1-T2_T3,trial_12,2.403266668319702,3.3002090454101562,0.8140439987182617
MLP_alsfrs-r_T1-T2_T3,trial_24,2.393338441848755,3.2648603916168213,0.8177818655967712
MLP_alsfrs-r_T1-T2_T3,trial_23,2.7855570316314697,3.4882872104644775,0.7851710915565491
MLP_alsfrs-r_T1-T2_T3,trial_5,2.6070055961608887,3.380951404571533,0.8001333475112915
MLP_alsfrs-r_T1-T2_T3,trial_48,2.3670153617858887,3.2622885704040527,0.818136990070343
MLP_alsfrs-r_T1-T2_T3,trial_2,2.366725444793701,3.2307329177856445,0.8208456039428711
MLP_alsfrs-r_T1-T2_T3,trial_46,2.36139178276062,3.3261642456054688,0.8119682669639587
MLP_alsfrs-r_T1-T2_T3,trial_41,2.9212300777435303,3.5981662273406982,0.7708707451820374
MLP_alsfrs-r_T1-T2_T3,trial_22,2.462430715560913,3.279463529586792,0.8133521676063538
MLP_alsfrs-r_T1-T2_T3,trial_25,2.3405869007110596,3.2701969146728516,0.8169872164726257
MLP_alsfrs-r_T1-T2_T3,trial_13,2.8177125453948975,3.522420883178711,0.7808119654655457
MLP_alsfrs-r_T1-T2_T3,trial_14,3.2409088611602783,3.8506276607513428,0.7347431182861328
MLP_alsfrs-r_T1-T2_T3,trial_40,2.5435359477996826,3.332979679107666,0.8076373338699341
MLP_alsfrs-r_T1-T2_T3,trial_47,3.660385847091675,4.604223728179932,0.6431471705436707
MLP_alsfrs-r_T1-T2_T3,trial_3,2.3747670650482178,3.2656617164611816,0.8177765607833862
MLP_alsfrs-r_T1-T2_T3,trial_4,2.3494691848754883,3.262580394744873,0.8183639645576477
MLP_alsfrs-r_T1-T2_T3,trial_49,2.381486415863037,3.34684681892395,0.8099480271339417
MLP_alsfrs-r_T1-T2_T3,trial_32,2.7216951847076416,3.4638569355010986,0.7886019349098206
MLP_alsfrs-r_T1-T2_T3,trial_35,2.4089016914367676,3.2645881175994873,0.8165339231491089
MLP_alsfrs-r_T1-T2_T3,trial_50,2.6016595363616943,3.3616199493408203,0.8032926917076111
MLP_alsfrs-r_T1-T2_T3,trial_34,2.348987579345703,3.2187557220458984,0.8219937682151794
MLP_alsfrs-r_T1-T2_T3,trial_33,2.3504698276519775,3.2722249031066895,0.8172819018363953
MLP_alsfrs-r_T1-T2_T3,trial_51,2.3549118041992188,3.25720477104187,0.8185669183731079
MLP_alsfrs-r_T1-T2_T3,trial_1,2.3437693119049072,3.2744548320770264,0.8168041706085205
MLP_alsfrs-r_T1-T2_T3,trial_6,2.3617541790008545,3.2933504581451416,0.8151397109031677
MLP_alsfrs-r_T1-T2_T3,trial_42,2.3470864295959473,3.2940115928649902,0.815549373626709
MLP_alsfrs-r_T1-T2_T3,trial_45,2.3381834030151367,3.280163288116455,0.8172323703765869
MLP_alsfrs-r_T1-T2_T3,trial_8,2.5972697734832764,3.3479020595550537,0.8034703135490417
MLP_alsfrs-r_T1-T2_T3,trial_11,2.4891958236694336,3.4610178470611572,0.7987060546875
MLP_alsfrs-r_T1-T2_T3,trial_29,2.3636279106140137,3.2349178791046143,0.8214766383171082
MLP_alsfrs-r_T1-T2_T3,trial_16,2.4754300117492676,3.288480758666992,0.8131762742996216
MLP_alsfrs-r_T1-T2_T3,trial_20,2.7856266498565674,3.7659239768981934,0.760816752910614
MLP_alsfrs-r_T1-T2_T3,trial_18,2.3750555515289307,3.271806001663208,0.8171747922897339
MLP_alsfrs-r_T1-T2_T3,trial_27,2.3558642864227295,3.3140223026275635,0.8134927153587341
MLP_alsfrs-r_T1-T2_T3,trial_44,2.9063796997070312,3.5993752479553223,0.771405816078186
MLP_alsfrs-r_T1-T2_T3,trial_9,2.399855375289917,3.3063883781433105,0.8132618069648743
MLP_alsfrs-r_T1-T2_T3,trial_43,2.3367605209350586,3.2456793785095215,0.819924533367157
MLP_alsfrs-r_T1-T2_T3,trial_7,2.5094096660614014,3.3127756118774414,0.8095529079437256
MLP_alsfrs-r_T1-T2_T3,trial_0,2.4044690132141113,3.318132162094116,0.8125513792037964
MLP_alsfrs-r_T1-T2_T3,trial_19,2.421870708465576,3.277000665664673,0.8143728971481323
MLP_alsfrs-r_T1-T2_T3,trial_26,2.482170820236206,3.486753225326538,0.7930231094360352
MLP_alsfrs-r_T1-T2_T3,trial_21,2.363187789916992,3.3054065704345703,0.8144468069076538
MLP_alsfrs-r_T1-T2_T3,trial_28,2.350602626800537,3.234511375427246,0.8208577632904053
MLP_alsfrs-r_T1-T2_T3,trial_17,2.4546494483947754,3.404599189758301,0.8039901852607727
MLP_alsfrs-r_T1-T2_T3,trial_10,2.348557472229004,3.2397944927215576,0.8206045031547546
MLP_alsfrs-r_T3-T4_T5,trial_53,2.905856132507324,3.972795009613037,0.7824098467826843
MLP_alsfrs-r_T3-T4_T5,trial_36,2.570147752761841,3.5608999729156494,0.8292835354804993
MLP_alsfrs-r_T3-T4_T5,trial_31,2.435117244720459,3.31709885597229,0.8538669943809509
MLP_alsfrs-r_T3-T4_T5,trial_38,2.4976465702056885,3.4429845809936523,0.8415080904960632
MLP_alsfrs-r_T3-T4_T5,trial_52,2.4891538619995117,3.428657293319702,0.8426297307014465
MLP_alsfrs-r_T3-T4_T5,trial_39,2.6324307918548584,3.672966957092285,0.8159132599830627
MLP_alsfrs-r_T3-T4_T5,trial_30,2.488907814025879,3.447148561477661,0.8402909636497498
MLP_alsfrs-r_T3-T4_T5,trial_37,2.5597715377807617,3.5628538131713867,0.8282685279846191
MLP_alsfrs-r_T3-T4_T5,trial_15,2.58158540725708,3.5567545890808105,0.8295299410820007
MLP_alsfrs-r_T3-T4_T5,trial_12,2.5644845962524414,3.5326895713806152,0.8321853280067444
MLP_alsfrs-r_T3-T4_T5,trial_24,2.5718047618865967,3.563209056854248,0.8281871676445007
MLP_alsfrs-r_T3-T4_T5,trial_23,2.542966365814209,3.4408860206604004,0.8454756736755371
MLP_alsfrs-r_T3-T4_T5,trial_5,2.8081674575805664,3.877716064453125,0.7915355563163757
MLP_alsfrs-r_T3-T4_T5,trial_48,2.5483815670013428,3.505415916442871,0.834372878074646
MLP_alsfrs-r_T3-T4_T5,trial_2,2.6988179683685303,3.4329352378845215,0.8478071689605713
MLP_alsfrs-r_T3-T4_T5,trial_46,2.468580484390259,3.403541326522827,0.8460099101066589
MLP_alsfrs-r_T3-T4_T5,trial_41,2.4845523834228516,3.4737462997436523,0.8377813100814819
MLP_alsfrs-r_T3-T4_T5,trial_22,2.565545082092285,3.5770511627197266,0.8264930248260498
MLP_alsfrs-r_T3-T4_T5,trial_25,2.5286412239074707,3.495398998260498,0.8360036015510559
MLP_alsfrs-r_T3-T4_T5,trial_13,2.4605345726013184,3.412360906600952,0.8438833355903625
MLP_alsfrs-r_T3-T4_T5,trial_14,2.4977822303771973,3.426570177078247,0.8441089391708374
MLP_alsfrs-r_T3-T4_T5,trial_40,2.566974401473999,3.357473611831665,0.8532249927520752
MLP_alsfrs-r_T3-T4_T5,trial_47,3.926386594772339,4.509366989135742,0.733776867389679
MLP_alsfrs-r_T3-T4_T5,trial_3,2.61500883102417,3.6330173015594482,0.8218147158622742
MLP_alsfrs-r_T3-T4_T5,trial_4,2.506120443344116,3.451808452606201,0.8402740955352783
MLP_alsfrs-r_T3-T4_T5,trial_49,2.653960704803467,3.6948184967041016,0.8131604790687561
MLP_alsfrs-r_T3-T4_T5,trial_32,2.51556134223938,3.5036826133728027,0.8336357474327087
MLP_alsfrs-r_T3-T4_T5,trial_35,2.5389394760131836,3.422053575515747,0.846254289150238
MLP_alsfrs-r_T3-T4_T5,trial_50,2.486886978149414,3.384380578994751,0.8481534719467163
MLP_alsfrs-r_T3-T4_T5,trial_34,2.554379463195801,3.5650744438171387,0.827390193939209
MLP_alsfrs-r_T3-T4_T5,trial_33,2.4885261058807373,3.361501932144165,0.850006103515625
MLP_alsfrs-r_T3-T4_T5,trial_51,2.5030221939086914,3.4578332901000977,0.8377053141593933
MLP_alsfrs-r_T3-T4_T5,trial_1,2.610196828842163,3.6249070167541504,0.8224349617958069
MLP_alsfrs-r_T3-T4_T5,trial_6,2.592966318130493,3.5746138095855713,0.8283137083053589
MLP_alsfrs-r_T3-T4_T5,trial_42,2.5860583782196045,3.5776875019073486,0.8272693753242493
MLP_alsfrs-r_T3-T4_T5,trial_45,2.5364513397216797,3.479825019836426,0.8376588821411133
MLP_alsfrs-r_T3-T4_T5,trial_8,2.4966909885406494,3.3674142360687256,0.8511297702789307
MLP_alsfrs-r_T3-T4_T5,trial_11,2.529521942138672,3.3571455478668213,0.8521801233291626
MLP_alsfrs-r_T3-T4_T5,trial_29,2.9207913875579834,3.972393751144409,0.7807996869087219
MLP_alsfrs-r_T3-T4_T5,trial_16,2.4456443786621094,3.3726043701171875,0.847957193851471
MLP_alsfrs-r_T3-T4_T5,trial_20,2.5558829307556152,3.3941869735717773,0.851101815700531
MLP_alsfrs-r_T3-T4_T5,trial_18,2.6271605491638184,3.618645191192627,0.8229998350143433
MLP_alsfrs-r_T3-T4_T5,trial_27,2.538830280303955,3.519932270050049,0.8326706290245056
MLP_alsfrs-r_T3-T4_T5,trial_44,2.695331573486328,3.443699359893799,0.8474635481834412
MLP_alsfrs-r_T3-T4_T5,trial_9,2.6324303150177,3.6248466968536377,0.8225958943367004
MLP_alsfrs-r_T3-T4_T5,trial_43,2.5349843502044678,3.393475294113159,0.8484340310096741
MLP_alsfrs-r_T3-T4_T5,trial_7,2.4719491004943848,3.3797972202301025,0.849469006061554
MLP_alsfrs-r_T3-T4_T5,trial_0,2.6082968711853027,3.591477394104004,0.8259357213973999
MLP_alsfrs-r_T3-T4_T5,trial_19,2.496189594268799,3.4514544010162354,0.8404989838600159
MLP_alsfrs-r_T3-T4_T5,trial_26,2.509230375289917,3.441283941268921,0.8425138592720032
MLP_alsfrs-r_T3-T4_T5,trial_21,2.6234543323516846,3.660327672958374,0.8182925581932068
MLP_alsfrs-r_T3-T4_T5,trial_28,2.5048887729644775,3.4847958087921143,0.8359639644622803
MLP_alsfrs-r_T3-T4_T5,trial_17,2.8578319549560547,3.5192861557006836,0.8425639867782593
MLP_alsfrs-r_T3-T4_T5,trial_10,2.5417096614837646,3.5366852283477783,0.83099764585495
MLP_alsfrs-r_T1_T2,trial_53,2.883939266204834,3.5516700744628906,0.7351288795471191
MLP_alsfrs-r_T1_T2,trial_36,2.3865909576416016,3.334127187728882,0.7670406103134155
MLP_alsfrs-r_T1_T2,trial_31,2.3604867458343506,3.2907979488372803,0.7736149430274963
MLP_alsfrs-r_T1_T2,trial_38,2.4959909915924072,3.2817165851593018,0.7760037183761597
MLP_alsfrs-r_T1_T2,trial_52,2.367943286895752,3.2339370250701904,0.7818074822425842
MLP_alsfrs-r_T1_T2,trial_39,2.394646167755127,3.347151756286621,0.7659080028533936
MLP_alsfrs-r_T1_T2,trial_30,2.4021387100219727,3.314046859741211,0.7708362340927124
MLP_alsfrs-r_T1_T2,trial_37,2.4240710735321045,3.421142816543579,0.7559987306594849
MLP_alsfrs-r_T1_T2,trial_15,2.3796393871307373,3.318613290786743,0.7705613374710083
MLP_alsfrs-r_T1_T2,trial_12,2.389296054840088,3.321183681488037,0.7693793773651123
MLP_alsfrs-r_T1_T2,trial_24,2.398689031600952,3.3807270526885986,0.7609797120094299
MLP_alsfrs-r_T1_T2,trial_23,2.584662914276123,3.5903427600860596,0.7320936322212219
MLP_alsfrs-r_T1_T2,trial_5,2.514141321182251,3.2854156494140625,0.7754608392715454
MLP_alsfrs-r_T1_T2,trial_48,2.3838813304901123,3.3356595039367676,0.7671269178390503
MLP_alsfrs-r_T1_T2,trial_2,2.475633144378662,3.4729177951812744,0.7493202090263367
MLP_alsfrs-r_T1_T2,trial_46,2.379051923751831,3.2387640476226807,0.7814037799835205
MLP_alsfrs-r_T1_T2,trial_41,2.395875930786133,3.3409476280212402,0.7663724422454834
MLP_alsfrs-r_T1_T2,trial_22,2.410973310470581,3.270922899246216,0.7772785425186157
MLP_alsfrs-r_T1_T2,trial_25,2.3771450519561768,3.3012449741363525,0.7729626893997192
MLP_alsfrs-r_T1_T2,trial_13,2.394670009613037,3.2400949001312256,0.7820849418640137
MLP_alsfrs-r_T1_T2,trial_14,2.3664796352386475,3.238269567489624,0.7807278037071228
MLP_alsfrs-r_T1_T2,trial_40,2.429225444793701,3.420545816421509,0.755558967590332
MLP_alsfrs-r_T1_T2,trial_47,2.40671706199646,3.367525339126587,0.7622408866882324
MLP_alsfrs-r_T1_T2,trial_3,2.400454044342041,3.352762460708618,0.7648314833641052
MLP_alsfrs-r_T1_T2,trial_4,2.367661952972412,3.3026654720306396,0.7720206379890442
MLP_alsfrs-r_T1_T2,trial_49,2.5615057945251465,3.6035139560699463,0.7299976944923401
MLP_alsfrs-r_T1_T2,trial_32,2.400481939315796,3.2472236156463623,0.7793697714805603
MLP_alsfrs-r_T1_T2,trial_35,2.36613130569458,3.2707936763763428,0.7749853134155273
MLP_alsfrs-r_T1_T2,trial_50,2.85701847076416,3.517512559890747,0.741609513759613
MLP_alsfrs-r_T1_T2,trial_34,2.35595703125,3.269038677215576,0.7770817875862122
MLP_alsfrs-r_T1_T2,trial_33,2.380725145339966,3.3333868980407715,0.7672918438911438
MLP_alsfrs-r_T1_T2,trial_51,2.381702184677124,3.336345672607422,0.7673861384391785
MLP_alsfrs-r_T1_T2,trial_1,2.386953115463257,3.349783182144165,0.7665402293205261
MLP_alsfrs-r_T1_T2,trial_6,2.3899312019348145,3.3502635955810547,0.7654348611831665
MLP_alsfrs-r_T1_T2,trial_42,2.4098076820373535,3.364513635635376,0.7633404731750488
MLP_alsfrs-r_T1_T2,trial_45,2.4141929149627686,3.4004178047180176,0.7578589916229248
MLP_alsfrs-r_T1_T2,trial_8,2.4948618412017822,3.4978625774383545,0.744366466999054
MLP_alsfrs-r_T1_T2,trial_11,2.424673318862915,3.3997304439544678,0.7597205638885498
MLP_alsfrs-r_T1_T2,trial_29,2.8019752502441406,3.818293809890747,0.6972001791000366
MLP_alsfrs-r_T1_T2,trial_16,2.3612828254699707,3.2789106369018555,0.7763432860374451
MLP_alsfrs-r_T1_T2,trial_20,2.5975873470306396,3.622171640396118,0.7285667061805725
MLP_alsfrs-r_T1_T2,trial_18,2.412325859069824,3.347806692123413,0.7656263113021851
MLP_alsfrs-r_T1_T2,trial_27,2.396937370300293,3.3594093322753906,0.7645211219787598
MLP_alsfrs-r_T1_T2,trial_44,2.5795016288757324,3.3278276920318604,0.7687159776687622
MLP_alsfrs-r_T1_T2,trial_9,2.3942251205444336,3.329253911972046,0.7686523199081421
MLP_alsfrs-r_T1_T2,trial_43,2.3889431953430176,3.289506435394287,0.7742949724197388
MLP_alsfrs-r_T1_T2,trial_7,2.3891355991363525,3.3633270263671875,0.7639704942703247
MLP_alsfrs-r_T1_T2,trial_0,2.4149956703186035,3.359238386154175,0.764169454574585
MLP_alsfrs-r_T1_T2,trial_19,2.4600987434387207,3.300255537033081,0.7737904191017151
MLP_alsfrs-r_T1_T2,trial_26,2.4306814670562744,3.2480907440185547,0.7804492712020874
MLP_alsfrs-r_T1_T2,trial_21,2.4174489974975586,3.3530280590057373,0.7654809951782227
MLP_alsfrs-r_T1_T2,trial_28,2.4001495838165283,3.2542271614074707,0.7793987393379211
MLP_alsfrs-r_T1_T2,trial_17,2.5886969566345215,3.3209145069122314,0.769627571105957
MLP_alsfrs-r_T1_T2,trial_10,2.3712921142578125,3.2845892906188965,0.7751366496086121
MLP_alsfrs-r_T1-T2-T3-T4_T5,trial_53,2.8926503658294678,3.425940990447998,0.8470911979675293
MLP_alsfrs-r_T1-T2-T3-T4_T5,trial_36,2.438474655151367,3.184804677963257,0.8635057210922241
MLP_alsfrs-r_T1-T2-T3-T4_T5,trial_31,2.4904730319976807,3.0963282585144043,0.8712834715843201
MLP_alsfrs-r_T1-T2-T3-T4_T5,trial_38,2.6667068004608154,3.2303128242492676,0.8623664379119873
MLP_alsfrs-r_T1-T2-T3-T4_T5,trial_52,2.466852903366089,3.072476387023926,0.8727924227714539
MLP_alsfrs-r_T1-T2-T3-T4_T5,trial_39,2.4281411170959473,3.1661384105682373,0.864116907119751
MLP_alsfrs-r_T1-T2-T3-T4_T5,trial_30,2.3817241191864014,3.092031717300415,0.8701203465461731
MLP_alsfrs-r_T1-T2-T3-T4_T5,trial_37,2.411031484603882,3.0942482948303223,0.8702855110168457
MLP_alsfrs-r_T1-T2-T3-T4_T5,trial_15,2.454251289367676,3.2493321895599365,0.8574758172035217
MLP_alsfrs-r_T1-T2-T3-T4_T5,trial_12,2.434985876083374,3.1596553325653076,0.8651298880577087
MLP_alsfrs-r_T1-T2-T3-T4_T5,trial_24,2.3979575634002686,3.1246252059936523,0.867668628692627
MLP_alsfrs-r_T1-T2-T3-T4_T5,trial_23,2.3962209224700928,3.1486916542053223,0.8611294627189636
MLP_alsfrs-r_T1-T2-T3-T4_T5,trial_5,2.5138182640075684,3.3063182830810547,0.8474394679069519
MLP_alsfrs-r_T1-T2-T3-T4_T5,trial_48,2.3730175495147705,3.108571767807007,0.867834210395813
MLP_alsfrs-r_T1-T2-T3-T4_T5,trial_2,2.375326633453369,3.060617208480835,0.8720383644104004
MLP_alsfrs-r_T1-T2-T3-T4_T5,trial_46,2.3576831817626953,3.0908989906311035,0.866705060005188
MLP_alsfrs-r_T1-T2-T3-T4_T5,trial_41,2.535860061645508,3.319892168045044,0.8449257612228394
MLP_alsfrs-r_T1-T2-T3-T4_T5,trial_22,2.5733776092529297,3.158768653869629,0.8677144050598145
MLP_alsfrs-r_T1-T2-T3-T4_T5,trial_25,2.408536911010742,3.060434579849243,0.8721784949302673
MLP_alsfrs-r_T1-T2-T3-T4_T5,trial_13,2.3642807006835938,3.1048569679260254,0.8665776252746582
MLP_alsfrs-r_T1-T2-T3-T4_T5,trial_14,2.8176560401916504,3.3797571659088135,0.8503965735435486
MLP_alsfrs-r_T1-T2-T3-T4_T5,trial_40,2.388756275177002,3.0721449851989746,0.8703891634941101
MLP_alsfrs-r_T1-T2-T3-T4_T5,trial_47,2.400667905807495,3.0432918071746826,0.8741269111633301
MLP_alsfrs-r_T1-T2-T3-T4_T5,trial_3,2.508608818054199,3.2970526218414307,0.8551408648490906
MLP_alsfrs-r_T1-T2-T3-T4_T5,trial_4,2.409072160720825,3.098006248474121,0.8701696991920471
MLP_alsfrs-r_T1-T2-T3-T4_T5,trial_49,2.57084584236145,3.1541476249694824,0.8674933910369873
MLP_alsfrs-r_T1-T2-T3-T4_T5,trial_32,3.154600143432617,3.96747088432312,0.7769637107849121
MLP_alsfrs-r_T1-T2-T3-T4_T5,trial_35,2.6226155757904053,3.381476879119873,0.839642345905304
MLP_alsfrs-r_T1-T2-T3-T4_T5,trial_50,2.5315089225769043,3.29827880859375,0.8491396903991699
MLP_alsfrs-r_T1-T2-T3-T4_T5,trial_34,2.3595333099365234,3.01556658744812,0.8749814033508301
MLP_alsfrs-r_T1-T2-T3-T4_T5,trial_33,2.3964366912841797,3.1756515502929688,0.8600736856460571
MLP_alsfrs-r_T1-T2-T3-T4_T5,trial_51,2.3871121406555176,3.117129325866699,0.8677875399589539
MLP_alsfrs-r_T1-T2-T3-T4_T5,trial_1,2.482997179031372,3.1149284839630127,0.8710020184516907
MLP_alsfrs-r_T1-T2-T3-T4_T5,trial_6,2.4381608963012695,3.2012839317321777,0.8612175583839417
MLP_alsfrs-r_T1-T2-T3-T4_T5,trial_42,2.4351282119750977,3.1253116130828857,0.8689254522323608
MLP_alsfrs-r_T1-T2-T3-T4_T5,trial_45,2.3773796558380127,3.100252866744995,0.8694814443588257
MLP_alsfrs-r_T1-T2-T3-T4_T5,trial_8,2.5294477939605713,3.3155224323272705,0.8468237519264221
MLP_alsfrs-r_T1-T2-T3-T4_T5,trial_11,2.3267037868499756,3.049437999725342,0.8725249171257019
MLP_alsfrs-r_T1-T2-T3-T4_T5,trial_29,2.355032444000244,3.018125534057617,0.8745031952857971
MLP_alsfrs-r_T1-T2-T3-T4_T5,trial_16,2.4506773948669434,3.0774998664855957,0.8724925518035889
MLP_alsfrs-r_T1-T2-T3-T4_T5,trial_20,2.4039385318756104,3.1510910987854004,0.8613972663879395
MLP_alsfrs-r_T1-T2-T3-T4_T5,trial_18,2.4806697368621826,3.2648513317108154,0.8574445843696594
MLP_alsfrs-r_T1-T2-T3-T4_T5,trial_27,2.3864481449127197,3.137232542037964,0.8651236891746521
MLP_alsfrs-r_T1-T2-T3-T4_T5,trial_44,2.3942482471466064,3.101982831954956,0.8666529059410095
MLP_alsfrs-r_T1-T2-T3-T4_T5,trial_9,2.4144866466522217,3.156015157699585,0.8653883337974548
MLP_alsfrs-r_T1-T2-T3-T4_T5,trial_43,2.427799701690674,3.053779125213623,0.8736407160758972
MLP_alsfrs-r_T1-T2-T3-T4_T5,trial_7,2.429314374923706,3.086153030395508,0.871714174747467
MLP_alsfrs-r_T1-T2-T3-T4_T5,trial_0,2.4460887908935547,3.207123279571533,0.8612898588180542
MLP_alsfrs-r_T1-T2-T3-T4_T5,trial_19,2.459475517272949,3.108065366744995,0.8702425956726074
MLP_alsfrs-r_T1-T2-T3-T4_T5,trial_26,2.4038028717041016,3.0424556732177734,0.8749842047691345
MLP_alsfrs-r_T1-T2-T3-T4_T5,trial_21,2.4505562782287598,3.222942352294922,0.8602038025856018
MLP_alsfrs-r_T1-T2-T3-T4_T5,trial_28,2.3881499767303467,3.055203437805176,0.872969388961792
MLP_alsfrs-r_T1-T2-T3-T4_T5,trial_17,2.7837061882019043,3.356816530227661,0.849696695804596
MLP_alsfrs-r_T1-T2-T3-T4_T5,trial_10,2.3730340003967285,3.1006081104278564,0.8677124977111816
MLP_alsfrs-r_T4_T5,trial_53,2.516019821166992,3.392833709716797,0.8550965785980225
MLP_alsfrs-r_T4_T5,trial_36,2.537677526473999,3.4497296810150146,0.8511378765106201
MLP_alsfrs-r_T4_T5,trial_31,2.5274555683135986,3.3600053787231445,0.8576560616493225
MLP_alsfrs-r_T4_T5,trial_38,2.741549253463745,3.4613935947418213,0.8473265767097473
MLP_alsfrs-r_T4_T5,trial_52,2.5525593757629395,3.4979958534240723,0.8470914363861084
MLP_alsfrs-r_T4_T5,trial_39,2.534642219543457,3.457929849624634,0.8506119847297668
MLP_alsfrs-r_T4_T5,trial_30,2.539210796356201,3.474311351776123,0.8491697311401367
MLP_alsfrs-r_T4_T5,trial_37,2.523745059967041,3.3820972442626953,0.8562110662460327
MLP_alsfrs-r_T4_T5,trial_15,2.5160303115844727,3.380200147628784,0.8565636873245239
MLP_alsfrs-r_T4_T5,trial_12,2.51694917678833,3.3967530727386475,0.8553597927093506
MLP_alsfrs-r_T4_T5,trial_24,2.531205654144287,3.443819284439087,0.8515323400497437
MLP_alsfrs-r_T4_T5,trial_23,2.5590012073516846,3.3787646293640137,0.8561582565307617
MLP_alsfrs-r_T4_T5,trial_5,2.550757884979248,3.368025302886963,0.8574128746986389
MLP_alsfrs-r_T4_T5,trial_48,2.533402919769287,3.461225748062134,0.8501874804496765
MLP_alsfrs-r_T4_T5,trial_2,2.5397491455078125,3.401463270187378,0.8544361591339111
MLP_alsfrs-r_T4_T5,trial_46,2.5303537845611572,3.361760139465332,0.8573031425476074
MLP_alsfrs-r_T4_T5,trial_41,2.9065942764282227,3.8955602645874023,0.8113129734992981
MLP_alsfrs-r_T4_T5,trial_22,2.5889062881469727,3.5588064193725586,0.842025101184845
MLP_alsfrs-r_T4_T5,trial_25,2.519106864929199,3.390166759490967,0.8557900190353394
MLP_alsfrs-r_T4_T5,trial_13,2.510349750518799,3.375459909439087,0.8569824695587158
MLP_alsfrs-r_T4_T5,trial_14,2.8077232837677,3.798638105392456,0.8205729722976685
MLP_alsfrs-r_T4_T5,trial_40,2.554574728012085,3.4990901947021484,0.8469811081886292
MLP_alsfrs-r_T4_T5,trial_47,2.7348439693450928,3.458004951477051,0.8476250171661377
MLP_alsfrs-r_T4_T5,trial_3,2.527301073074341,3.428640365600586,0.8526892066001892
MLP_alsfrs-r_T4_T5,trial_4,2.556804656982422,3.4880735874176025,0.848004162311554
MLP_alsfrs-r_T4_T5,trial_49,2.7492284774780273,3.4447903633117676,0.848778247833252
MLP_alsfrs-r_T4_T5,trial_32,2.6546168327331543,3.6424176692962646,0.8346420526504517
MLP_alsfrs-r_T4_T5,trial_35,2.6316452026367188,3.422659158706665,0.8516049385070801
MLP_alsfrs-r_T4_T5,trial_50,2.909452438354492,3.5929861068725586,0.8342633247375488
MLP_alsfrs-r_T4_T5,trial_34,2.5058467388153076,3.3813860416412354,0.8562121987342834
MLP_alsfrs-r_T4_T5,trial_33,2.5122945308685303,3.3958888053894043,0.8553341031074524
MLP_alsfrs-r_T4_T5,trial_51,2.568523645401001,3.507467031478882,0.8461185693740845
MLP_alsfrs-r_T4_T5,trial_1,2.5107383728027344,3.3736205101013184,0.8571468591690063
MLP_alsfrs-r_T4_T5,trial_6,2.532491683959961,3.4394185543060303,0.8520030975341797
MLP_alsfrs-r_T4_T5,trial_42,2.544013023376465,3.3896048069000244,0.8556153178215027
MLP_alsfrs-r_T4_T5,trial_45,2.5070087909698486,3.3794050216674805,0.8567097187042236
MLP_alsfrs-r_T4_T5,trial_8,2.6793785095214844,3.4216232299804688,0.851377010345459
MLP_alsfrs-r_T4_T5,trial_11,2.7048604488372803,3.6943016052246094,0.8301441669464111
MLP_alsfrs-r_T4_T5,trial_29,3.5101006031036377,4.451176166534424,0.7538330554962158
MLP_alsfrs-r_T4_T5,trial_16,2.5071427822113037,3.406872510910034,0.8546704649925232
MLP_alsfrs-r_T4_T5,trial_20,2.620208740234375,3.396836280822754,0.8541861176490784
MLP_alsfrs-r_T4_T5,trial_18,2.522887945175171,3.4173507690429688,0.8537346720695496
MLP_alsfrs-r_T4_T5,trial_27,2.5211904048919678,3.4131925106048584,0.8539863228797913
MLP_alsfrs-r_T4_T5,trial_44,2.6435813903808594,3.640695333480835,0.834892988204956
MLP_alsfrs-r_T4_T5,trial_9,2.521637201309204,3.4054601192474365,0.8546751141548157
MLP_alsfrs-r_T4_T5,trial_43,2.499208927154541,3.3831546306610107,0.8562780618667603
MLP_alsfrs-r_T4_T5,trial_7,2.543285369873047,3.3636090755462646,0.8573328852653503
MLP_alsfrs-r_T4_T5,trial_0,2.518435478210449,3.408280849456787,0.8542970418930054
MLP_alsfrs-r_T4_T5,trial_19,2.5186710357666016,3.4491357803344727,0.8511723875999451
MLP_alsfrs-r_T4_T5,trial_26,2.5336482524871826,3.4560515880584717,0.8507664203643799
MLP_alsfrs-r_T4_T5,trial_21,2.5302281379699707,3.4348397254943848,0.8522657752037048
MLP_alsfrs-r_T4_T5,trial_28,2.5324671268463135,3.4513156414031982,0.8508123159408569
MLP_alsfrs-r_T4_T5,trial_17,2.518501043319702,3.4070656299591064,0.8545193076133728
MLP_alsfrs-r_T4_T5,trial_10,2.6033060550689697,3.575774908065796,0.8404608964920044
