dataset,trial,n_layer,n_units,learning_rate,decroissant,activation,optimizer,criterion,mae,rmse,r2
MLP_alsfrs-r_combined_9M,trial_31,3.0,512.0,5e-05,0.0,ReLU,Adam,Huber,2.7970173358917236,3.6634092330932617,0.8274927735328674
MLP_alsfrs-r_combined_9M,trial_30,3.0,512.0,5e-06,0.0,ReLU,Adam,Huber,2.6866514682769775,3.5167665481567383,0.8419355750083923
MLP_alsfrs-r_combined_9M,trial_15,2.0,256.0,5e-06,1.0,ReLU,Adam,Huber,3.2409777641296387,4.158157825469971,0.7758398652076721
MLP_alsfrs-r_combined_9M,trial_12,2.0,256.0,5e-06,0.0,ReLU,Adam,Huber,3.0510334968566895,3.882744312286377,0.8042818307876587
MLP_alsfrs-r_combined_9M,trial_24,3.0,256.0,5e-06,0.0,ReLU,Adam,Huber,2.7977161407470703,3.648913860321045,0.8281500935554504
MLP_alsfrs-r_combined_9M,trial_23,2.0,512.0,0.0005,1.0,ReLU,Adam,Huber,3.1607768535614014,3.9804956912994385,0.7973776459693909
MLP_alsfrs-r_combined_9M,trial_5,1.0,256.0,0.0005,1.0,ReLU,Adam,Huber,3.011411190032959,3.9162776470184326,0.806657075881958
MLP_alsfrs-r_combined_9M,trial_2,1.0,256.0,0.0005,0.0,ReLU,Adam,Huber,2.9471426010131836,3.8453586101531982,0.8137110471725464
MLP_alsfrs-r_combined_9M,trial_22,2.0,512.0,5e-05,1.0,ReLU,Adam,Huber,2.7592105865478516,3.625887632369995,0.8319410085678101
MLP_alsfrs-r_combined_9M,trial_25,3.0,256.0,5e-05,0.0,ReLU,Adam,Huber,2.7872414588928223,3.6611597537994385,0.8298696279525757
MLP_alsfrs-r_combined_9M,trial_13,2.0,256.0,5e-05,0.0,ReLU,Adam,Huber,2.7829883098602295,3.65929913520813,0.8291658759117126
MLP_alsfrs-r_combined_9M,trial_14,2.0,256.0,0.0005,0.0,ReLU,Adam,Huber,2.923065185546875,3.833066940307617,0.8148187398910522
MLP_alsfrs-r_combined_9M,trial_3,1.0,256.0,5e-06,1.0,ReLU,Adam,Huber,4.488533973693848,5.912941932678223,0.5347039103507996
MLP_alsfrs-r_combined_9M,trial_4,1.0,256.0,5e-05,1.0,ReLU,Adam,Huber,3.0062668323516846,3.9116084575653076,0.8060669898986816
MLP_alsfrs-r_combined_9M,trial_32,3.0,512.0,0.0005,0.0,ReLU,Adam,Huber,3.2924187183380127,4.221551895141602,0.7742795348167419
MLP_alsfrs-r_combined_9M,trial_35,3.0,512.0,0.0005,1.0,ReLU,Adam,Huber,2.965485095977783,3.8280088901519775,0.8156478404998779
MLP_alsfrs-r_combined_9M,trial_34,3.0,512.0,5e-05,1.0,ReLU,Adam,Huber,2.7346553802490234,3.580434560775757,0.8368520736694336
MLP_alsfrs-r_combined_9M,trial_33,3.0,512.0,5e-06,1.0,ReLU,Adam,Huber,2.7200534343719482,3.588629722595215,0.8354587554931641
MLP_alsfrs-r_combined_9M,trial_1,1.0,256.0,5e-05,0.0,ReLU,Adam,Huber,3.0217065811157227,3.9376156330108643,0.804121732711792
MLP_alsfrs-r_combined_9M,trial_6,1.0,512.0,5e-06,0.0,ReLU,Adam,Huber,3.7189462184906006,4.863951206207275,0.6867473125457764
MLP_alsfrs-r_combined_9M,trial_8,1.0,512.0,0.0005,0.0,ReLU,Adam,Huber,3.0986592769622803,3.9639463424682617,0.7981563806533813
MLP_alsfrs-r_combined_9M,trial_11,1.0,512.0,0.0005,1.0,ReLU,Adam,Huber,2.910784959793091,3.808924436569214,0.8158977031707764
MLP_alsfrs-r_combined_9M,trial_29,3.0,256.0,0.0005,1.0,ReLU,Adam,Huber,2.962960720062256,3.8433728218078613,0.8139864802360535
MLP_alsfrs-r_combined_9M,trial_16,2.0,256.0,5e-05,1.0,ReLU,Adam,Huber,2.7954554557800293,3.680192232131958,0.8283820748329163
MLP_alsfrs-r_combined_9M,trial_20,2.0,512.0,0.0005,0.0,ReLU,Adam,Huber,3.0140044689178467,3.8634321689605713,0.8119340538978577
MLP_alsfrs-r_combined_9M,trial_18,2.0,512.0,5e-06,0.0,ReLU,Adam,Huber,2.705247163772583,3.552663564682007,0.8384236097335815
MLP_alsfrs-r_combined_9M,trial_27,3.0,256.0,5e-06,1.0,ReLU,Adam,Huber,2.9936254024505615,3.8434481620788574,0.8114408254623413
MLP_alsfrs-r_combined_9M,trial_9,1.0,512.0,5e-06,1.0,ReLU,Adam,Huber,3.721140146255493,4.868918418884277,0.6871071457862854
MLP_alsfrs-r_combined_9M,trial_7,1.0,512.0,5e-05,0.0,ReLU,Adam,Huber,2.9213905334472656,3.772350788116455,0.8195911049842834
MLP_alsfrs-r_combined_9M,trial_0,1.0,256.0,5e-06,0.0,ReLU,Adam,Huber,4.713059425354004,6.189553260803223,0.4883114695549011
MLP_alsfrs-r_combined_9M,trial_0,3.0,512.0,5e-06,0.0,ReLU,Adam,Huber,2.7492077350616455,3.61665678024292,0.8319258093833923
MLP_alsfrs-r_combined_9M,trial_19,2.0,512.0,5e-05,0.0,ReLU,Adam,Huber,2.723635196685791,3.5809261798858643,0.8371325135231018
MLP_alsfrs-r_combined_9M,trial_26,3.0,256.0,0.0005,0.0,ReLU,Adam,Huber,3.102689027786255,3.9794251918792725,0.7981809973716736
MLP_alsfrs-r_combined_9M,trial_21,2.0,512.0,5e-06,1.0,ReLU,Adam,Huber,2.7686617374420166,3.622971296310425,0.8319745659828186
MLP_alsfrs-r_combined_9M,trial_28,3.0,256.0,5e-05,1.0,ReLU,Adam,Huber,2.8078067302703857,3.6536026000976562,0.8312985301017761
MLP_alsfrs-r_combined_9M,trial_17,2.0,256.0,0.0005,1.0,ReLU,Adam,Huber,2.9104673862457275,3.7706096172332764,0.820045530796051
MLP_alsfrs-r_combined_9M,trial_10,1.0,512.0,5e-05,1.0,ReLU,Adam,Huber,2.9106016159057617,3.7384984493255615,0.8220147490501404
MLP_alsfrs-r_combined_3M,trial_31,3.0,512.0,5e-05,0.0,ReLU,Adam,Huber,2.6203811168670654,3.4884884357452393,0.7959725260734558
MLP_alsfrs-r_combined_3M,trial_30,3.0,512.0,5e-06,0.0,ReLU,Adam,Huber,2.6087591648101807,3.4813904762268066,0.7911995053291321
MLP_alsfrs-r_combined_3M,trial_15,2.0,256.0,5e-06,1.0,ReLU,Adam,Huber,2.788724660873413,3.6887171268463135,0.7779095768928528
MLP_alsfrs-r_combined_3M,trial_12,2.0,256.0,5e-06,0.0,ReLU,Adam,Huber,2.6684951782226562,3.5301623344421387,0.789613664150238
MLP_alsfrs-r_combined_3M,trial_24,3.0,256.0,5e-06,0.0,ReLU,Adam,Huber,2.580345869064331,3.4214396476745605,0.8003479838371277
MLP_alsfrs-r_combined_3M,trial_23,2.0,512.0,0.0005,1.0,ReLU,Adam,Huber,2.65737247467041,3.4937119483947754,0.7989535331726074
MLP_alsfrs-r_combined_3M,trial_5,1.0,256.0,0.0005,1.0,ReLU,Adam,Huber,2.6054463386535645,3.4431872367858887,0.8068230152130127
MLP_alsfrs-r_combined_3M,trial_2,1.0,256.0,0.0005,0.0,ReLU,Adam,Huber,2.73317813873291,3.5993778705596924,0.7915439605712891
MLP_alsfrs-r_combined_3M,trial_22,2.0,512.0,5e-05,1.0,ReLU,Adam,Huber,2.5937492847442627,3.4450042247772217,0.7994922995567322
MLP_alsfrs-r_combined_3M,trial_25,3.0,256.0,5e-05,0.0,ReLU,Adam,Huber,2.612029552459717,3.4800994396209717,0.7964502573013306
MLP_alsfrs-r_combined_3M,trial_13,2.0,256.0,5e-05,0.0,ReLU,Adam,Huber,2.601422071456909,3.446320056915283,0.8011212348937988
MLP_alsfrs-r_combined_3M,trial_14,2.0,256.0,0.0005,0.0,ReLU,Adam,Huber,2.717804193496704,3.5657942295074463,0.7894539833068848
MLP_alsfrs-r_combined_3M,trial_3,1.0,256.0,5e-06,1.0,ReLU,Adam,Huber,4.030964374542236,5.255057334899902,0.5517666935920715
MLP_alsfrs-r_combined_3M,trial_4,1.0,256.0,5e-05,1.0,ReLU,Adam,Huber,2.5915474891662598,3.4315171241760254,0.8059909343719482
MLP_alsfrs-r_combined_3M,trial_32,3.0,512.0,0.0005,0.0,ReLU,Adam,Huber,2.721477508544922,3.5808348655700684,0.786994993686676
MLP_alsfrs-r_combined_3M,trial_35,3.0,512.0,0.0005,1.0,ReLU,Adam,Huber,2.7704648971557617,3.6369428634643555,0.7780476808547974
MLP_alsfrs-r_combined_3M,trial_34,3.0,512.0,5e-05,1.0,ReLU,Adam,Huber,2.6236073970794678,3.4655778408050537,0.7983184456825256
MLP_alsfrs-r_combined_3M,trial_33,3.0,512.0,5e-06,1.0,ReLU,Adam,Huber,2.6606290340423584,3.5142321586608887,0.7929950952529907
MLP_alsfrs-r_combined_3M,trial_1,1.0,256.0,5e-05,0.0,ReLU,Adam,Huber,2.6470844745635986,3.512485980987549,0.79792720079422
MLP_alsfrs-r_combined_3M,trial_6,1.0,512.0,5e-06,0.0,ReLU,Adam,Huber,3.1459648609161377,4.11142635345459,0.7236518263816833
MLP_alsfrs-r_combined_3M,trial_8,1.0,512.0,0.0005,0.0,ReLU,Adam,Huber,2.7014544010162354,3.578375816345215,0.7895110249519348
MLP_alsfrs-r_combined_3M,trial_11,1.0,512.0,0.0005,1.0,ReLU,Adam,Huber,2.715456008911133,3.578740358352661,0.7913606762886047
MLP_alsfrs-r_combined_3M,trial_29,3.0,256.0,0.0005,1.0,ReLU,Adam,Huber,2.8985960483551025,3.6613759994506836,0.7816126942634583
MLP_alsfrs-r_combined_3M,trial_16,2.0,256.0,5e-05,1.0,ReLU,Adam,Huber,2.5788700580596924,3.4148199558258057,0.8036735653877258
MLP_alsfrs-r_combined_3M,trial_20,2.0,512.0,0.0005,0.0,ReLU,Adam,Huber,2.8167545795440674,3.693687915802002,0.7738657593727112
MLP_alsfrs-r_combined_3M,trial_18,2.0,512.0,5e-06,0.0,ReLU,Adam,Huber,2.6463606357574463,3.516639232635498,0.7918903231620789
MLP_alsfrs-r_combined_3M,trial_27,3.0,256.0,5e-06,1.0,ReLU,Adam,Huber,2.702528953552246,3.579463481903076,0.7833759784698486
MLP_alsfrs-r_combined_3M,trial_9,1.0,512.0,5e-06,1.0,ReLU,Adam,Huber,3.1322813034057617,4.1084184646606445,0.7252270579338074
MLP_alsfrs-r_combined_3M,trial_7,1.0,512.0,5e-05,0.0,ReLU,Adam,Huber,2.5909461975097656,3.443849802017212,0.803394615650177
MLP_alsfrs-r_combined_3M,trial_0,1.0,256.0,5e-06,0.0,ReLU,Adam,Huber,4.01153564453125,5.232466697692871,0.5552906394004822
MLP_alsfrs-r_combined_3M,trial_0,3.0,512.0,5e-06,0.0,ReLU,Adam,Huber,2.6236417293548584,3.486891984939575,0.7949241995811462
MLP_alsfrs-r_combined_3M,trial_19,2.0,512.0,5e-05,0.0,ReLU,Adam,Huber,2.629345178604126,3.4976918697357178,0.7915703058242798
MLP_alsfrs-r_combined_3M,trial_26,3.0,256.0,0.0005,0.0,ReLU,Adam,Huber,2.938080072402954,3.811033248901367,0.7609575390815735
MLP_alsfrs-r_combined_3M,trial_21,2.0,512.0,5e-06,1.0,ReLU,Adam,Huber,2.629302740097046,3.5022025108337402,0.791210949420929
MLP_alsfrs-r_combined_3M,trial_28,3.0,256.0,5e-05,1.0,ReLU,Adam,Huber,2.6248619556427,3.4380064010620117,0.8028587698936462
MLP_alsfrs-r_combined_3M,trial_17,2.0,256.0,0.0005,1.0,ReLU,Adam,Huber,2.7262799739837646,3.6006994247436523,0.7843506336212158
MLP_alsfrs-r_combined_3M,trial_10,1.0,512.0,5e-05,1.0,ReLU,Adam,Huber,2.6117453575134277,3.4708540439605713,0.7991656064987183
MLP_alsfrs-r_combined_6M,trial_31,3.0,512.0,5e-05,0.0,ReLU,Adam,Huber,2.9035544395446777,3.9292285442352295,0.7752076387405396
MLP_alsfrs-r_combined_6M,trial_30,3.0,512.0,5e-06,0.0,ReLU,Adam,Huber,2.8962881565093994,3.9158854484558105,0.7764898538589478
MLP_alsfrs-r_combined_6M,trial_15,2.0,256.0,5e-06,1.0,ReLU,Adam,Huber,3.116961717605591,4.041416645050049,0.7732440233230591
MLP_alsfrs-r_combined_6M,trial_12,2.0,256.0,5e-06,0.0,ReLU,Adam,Huber,2.967613697052002,3.8873212337493896,0.7902833819389343
MLP_alsfrs-r_combined_6M,trial_24,3.0,256.0,5e-06,0.0,ReLU,Adam,Huber,2.883556842803955,3.8416121006011963,0.7906689643859863
MLP_alsfrs-r_combined_6M,trial_23,2.0,512.0,0.0005,1.0,ReLU,Adam,Huber,2.9178647994995117,3.8043811321258545,0.7977294325828552
MLP_alsfrs-r_combined_6M,trial_5,1.0,256.0,0.0005,1.0,ReLU,Adam,Huber,3.0193564891815186,3.907109260559082,0.7889766097068787
MLP_alsfrs-r_combined_6M,trial_2,1.0,256.0,0.0005,0.0,ReLU,Adam,Huber,2.915388584136963,3.858297824859619,0.7928071022033691
MLP_alsfrs-r_combined_6M,trial_22,2.0,512.0,5e-05,1.0,ReLU,Adam,Huber,2.8088836669921875,3.7150661945343018,0.807090163230896
MLP_alsfrs-r_combined_6M,trial_25,3.0,256.0,5e-05,0.0,ReLU,Adam,Huber,2.862837553024292,3.824124813079834,0.792538583278656
MLP_alsfrs-r_combined_6M,trial_13,2.0,256.0,5e-05,0.0,ReLU,Adam,Huber,2.8271472454071045,3.7607595920562744,0.7998939752578735
MLP_alsfrs-r_combined_6M,trial_14,2.0,256.0,0.0005,0.0,ReLU,Adam,Huber,2.966562032699585,3.9584004878997803,0.782040536403656
MLP_alsfrs-r_combined_6M,trial_3,1.0,256.0,5e-06,1.0,ReLU,Adam,Huber,4.462881088256836,5.8638458251953125,0.514167845249176
MLP_alsfrs-r_combined_6M,trial_4,1.0,256.0,5e-05,1.0,ReLU,Adam,Huber,2.848369598388672,3.7775347232818604,0.8025445342063904
MLP_alsfrs-r_combined_6M,trial_32,3.0,512.0,0.0005,0.0,ReLU,Adam,Huber,3.030512571334839,3.8852736949920654,0.7907423377037048
MLP_alsfrs-r_combined_6M,trial_35,3.0,512.0,0.0005,1.0,ReLU,Adam,Huber,3.0125505924224854,3.9631505012512207,0.7834673523902893
MLP_alsfrs-r_combined_6M,trial_34,3.0,512.0,5e-05,1.0,ReLU,Adam,Huber,2.8046441078186035,3.7757577896118164,0.7970133423805237
MLP_alsfrs-r_combined_6M,trial_33,3.0,512.0,5e-06,1.0,ReLU,Adam,Huber,2.8801512718200684,3.8632562160491943,0.7887346744537354
MLP_alsfrs-r_combined_6M,trial_1,1.0,256.0,5e-05,0.0,ReLU,Adam,Huber,2.8256540298461914,3.739102840423584,0.8043028712272644
MLP_alsfrs-r_combined_6M,trial_6,1.0,512.0,5e-06,0.0,ReLU,Adam,Huber,3.753270387649536,4.9218525886535645,0.662655770778656
MLP_alsfrs-r_combined_6M,trial_8,1.0,512.0,0.0005,0.0,ReLU,Adam,Huber,2.876384973526001,3.7522308826446533,0.8047997355461121
MLP_alsfrs-r_combined_6M,trial_11,1.0,512.0,0.0005,1.0,ReLU,Adam,Huber,2.9033381938934326,3.807128667831421,0.7965952754020691
MLP_alsfrs-r_combined_6M,trial_29,3.0,256.0,0.0005,1.0,ReLU,Adam,Huber,3.071606159210205,3.9774563312530518,0.7826002836227417
MLP_alsfrs-r_combined_6M,trial_16,2.0,256.0,5e-05,1.0,ReLU,Adam,Huber,2.836444854736328,3.734757900238037,0.807309091091156
MLP_alsfrs-r_combined_6M,trial_20,2.0,512.0,0.0005,0.0,ReLU,Adam,Huber,3.113457679748535,4.13543701171875,0.7632420659065247
MLP_alsfrs-r_combined_6M,trial_18,2.0,512.0,5e-06,0.0,ReLU,Adam,Huber,2.8838603496551514,3.8406271934509277,0.7900609970092773
MLP_alsfrs-r_combined_6M,trial_27,3.0,256.0,5e-06,1.0,ReLU,Adam,Huber,2.9782280921936035,3.9020206928253174,0.7897605299949646
MLP_alsfrs-r_combined_6M,trial_9,1.0,512.0,5e-06,1.0,ReLU,Adam,Huber,3.7357468605041504,4.898227691650391,0.665050745010376
MLP_alsfrs-r_combined_6M,trial_7,1.0,512.0,5e-05,0.0,ReLU,Adam,Huber,2.7893965244293213,3.723823070526123,0.8071536421775818
MLP_alsfrs-r_combined_6M,trial_0,1.0,256.0,5e-06,0.0,ReLU,Adam,Huber,4.3401923179626465,5.692161560058594,0.5431680679321289
MLP_alsfrs-r_combined_6M,trial_0,3.0,512.0,5e-06,0.0,ReLU,Adam,Huber,2.8528730869293213,3.834759473800659,0.7886859178543091
MLP_alsfrs-r_combined_6M,trial_19,2.0,512.0,5e-05,0.0,ReLU,Adam,Huber,2.8521478176116943,3.8568482398986816,0.7881373763084412
MLP_alsfrs-r_combined_6M,trial_26,3.0,256.0,0.0005,0.0,ReLU,Adam,Huber,3.819949150085449,4.578280448913574,0.7110897302627563
MLP_alsfrs-r_combined_6M,trial_21,2.0,512.0,5e-06,1.0,ReLU,Adam,Huber,2.8255774974823,3.745842456817627,0.8022755980491638
MLP_alsfrs-r_combined_6M,trial_28,3.0,256.0,5e-05,1.0,ReLU,Adam,Huber,2.7722842693328857,3.682898998260498,0.8109769225120544
MLP_alsfrs-r_combined_6M,trial_17,2.0,256.0,0.0005,1.0,ReLU,Adam,Huber,2.887829065322876,3.8043785095214844,0.7953931093215942
MLP_alsfrs-r_combined_6M,trial_10,1.0,512.0,5e-05,1.0,ReLU,Adam,Huber,2.839341402053833,3.763038396835327,0.8029861450195312
