dataset,trial,n_layer,n_units,learning_rate,decroissant,batch_size,activation,optimizer,mae,rmse,r2
combined_9M,trial_53,2.0,512.0,0.0005348280496426179,0.0,16,sigmoid,Adam,2.708698034286499,3.4569778442382812,0.8476649522781372
combined_9M,trial_65,2.0,512.0,0.00014460115186397558,0.0,16,sigmoid,Adam,2.581057071685791,3.417694568634033,0.8483903408050537
combined_9M,trial_91,2.0,512.0,0.00022755999870167033,0.0,16,sigmoid,Adam,2.5729455947875977,3.36169171333313,0.8558825254440308
combined_9M,trial_62,2.0,512.0,0.0003062914011028765,0.0,16,sigmoid,Adam,2.5499215126037598,3.3640646934509277,0.8536992073059082
combined_9M,trial_31,2.0,512.0,0.00040065928826248125,1.0,32,sigmoid,Adam,2.7937068939208984,3.612922430038452,0.8467251658439636
combined_9M,trial_38,2.0,512.0,5.978372159744232e-05,0.0,16,ReLU,Adam,2.7923390865325928,3.6843767166137695,0.8277115821838379
combined_9M,trial_63,2.0,512.0,0.00023167273957224756,0.0,16,sigmoid,Adam,2.56032133102417,3.392411231994629,0.8512289524078369
combined_9M,trial_64,2.0,512.0,0.00022469231445945373,0.0,16,sigmoid,Adam,2.5849034786224365,3.3698906898498535,0.8535071611404419
combined_9M,trial_55,2.0,512.0,0.000748427918152868,0.0,32,sigmoid,Adam,2.7474327087402344,3.542966604232788,0.8524879813194275
combined_9M,trial_15,3.0,512.0,0.0002904872404907082,1.0,32,sigmoid,Adam,2.984832525253296,3.8885302543640137,0.8230569958686829
combined_9M,trial_12,2.0,512.0,0.00033242664059569105,0.0,32,sigmoid,Adam,2.6704792976379395,3.4700992107391357,0.8589036464691162
combined_9M,trial_24,2.0,512.0,0.0009997043258366052,1.0,32,sigmoid,Adam,2.6815662384033203,3.5098204612731934,0.8539144396781921
combined_9M,trial_2,1.0,512.0,0.00015118615604698782,1.0,16,sigmoid,Adam,2.471545457839966,3.191150426864624,0.8697624206542969
combined_9M,trial_41,2.0,512.0,0.0009953656434038445,0.0,32,sigmoid,Adam,2.7021610736846924,3.589336395263672,0.8477593064308167
combined_9M,trial_22,2.0,512.0,0.0008455401664325996,1.0,128,sigmoid,Adam,2.795039653778076,3.610553503036499,0.8583111763000488
combined_9M,trial_13,2.0,512.0,0.00026479481974371003,0.0,32,sigmoid,Adam,2.601722240447998,3.4372875690460205,0.8599684238433838
combined_9M,trial_14,3.0,512.0,0.00027127875586849503,1.0,32,sigmoid,Adam,3.019995927810669,3.866941213607788,0.8260136246681213
combined_9M,trial_71,2.0,512.0,0.00020732535438314852,0.0,16,sigmoid,Adam,2.5823564529418945,3.417987823486328,0.8497474193572998
combined_9M,trial_3,3.0,256.0,0.0007462882034463036,0.0,128,tanh,Adam,3.089024782180786,4.313530921936035,0.7957260608673096
combined_9M,trial_82,2.0,512.0,0.00021445288278781964,0.0,16,sigmoid,Adam,2.6043648719787598,3.392502546310425,0.8511173725128174
combined_9M,trial_76,2.0,512.0,0.0002945702388243512,0.0,16,sigmoid,Adam,2.814141273498535,3.5520315170288086,0.8368673324584961
combined_9M,trial_4,2.0,32.0,3.217503649369229e-05,0.0,32,ReLU,Adam,3.4054019451141357,4.3788957595825195,0.7776404619216919
combined_9M,trial_32,2.0,512.0,0.00036377545143186405,0.0,32,sigmoid,Adam,2.6769304275512695,3.5024211406707764,0.8558211922645569
combined_9M,trial_50,3.0,512.0,0.00023319628717064186,0.0,16,sigmoid,Adam,2.7452361583709717,3.499234676361084,0.8425336480140686
combined_9M,trial_68,2.0,512.0,0.00021292159711352519,0.0,16,sigmoid,Adam,2.595072031021118,3.3945789337158203,0.8529508113861084
combined_9M,trial_57,2.0,512.0,0.00024215958903366455,0.0,16,sigmoid,Adam,2.5739474296569824,3.3683979511260986,0.8543354272842407
combined_9M,trial_61,2.0,512.0,0.00033604118764501224,0.0,16,sigmoid,Adam,2.647395610809326,3.429145336151123,0.847714364528656
combined_9M,trial_92,2.0,512.0,0.0002844651074082304,0.0,16,sigmoid,Adam,2.6613147258758545,3.4007279872894287,0.8513235449790955
combined_9M,trial_34,2.0,512.0,8.597473537731846e-05,0.0,16,sigmoid,Adam,2.5491960048675537,3.3917245864868164,0.8510836362838745
combined_9M,trial_94,2.0,512.0,0.00024095720849968136,0.0,16,sigmoid,Adam,2.627298593521118,3.4672698974609375,0.8444380760192871
combined_9M,trial_56,2.0,512.0,0.0004430933179020723,0.0,32,ReLU,Adam,3.009993314743042,3.9286489486694336,0.820537269115448
combined_9M,trial_51,3.0,512.0,0.00021992228099854247,0.0,16,sigmoid,Adam,2.793598175048828,3.5478692054748535,0.838725209236145
combined_9M,trial_73,2.0,512.0,0.0002734721018855524,0.0,16,sigmoid,Adam,2.6445088386535645,3.4398014545440674,0.8468383550643921
combined_9M,trial_1,1.0,64.0,1.8125976883998956e-05,0.0,16,sigmoid,Adam,4.83939790725708,7.0457329750061035,0.33476555347442627
combined_9M,trial_74,2.0,512.0,0.00020300279967902114,0.0,16,sigmoid,Adam,2.711296319961548,3.4718716144561768,0.8448936939239502
combined_9M,trial_6,2.0,512.0,0.0001335332909229287,0.0,32,sigmoid,Adam,2.5909194946289062,3.417754888534546,0.8617162108421326
combined_9M,trial_42,2.0,512.0,0.0006997597330975221,0.0,64,sigmoid,Adam,2.672935962677002,3.549269914627075,0.859062910079956
combined_9M,trial_89,2.0,512.0,0.0003830309812497116,0.0,16,sigmoid,Adam,2.6781415939331055,3.4881274700164795,0.8436799645423889
combined_9M,trial_11,2.0,64.0,0.0005360822757424055,0.0,64,tanh,Adam,3.566175937652588,5.094198703765869,0.7089108228683472
combined_9M,trial_29,1.0,256.0,0.0006145856536105605,1.0,16,ReLU,Adam,2.9026286602020264,3.8037426471710205,0.8141395449638367
combined_9M,trial_20,2.0,128.0,0.000869953422777992,1.0,128,ReLU,Adam,2.9720799922943115,3.8703055381774902,0.838082492351532
combined_9M,trial_18,2.0,512.0,0.000437046888729514,1.0,32,sigmoid,Adam,2.6865763664245605,3.531918525695801,0.8543221354484558
combined_9M,trial_9,1.0,64.0,0.0005010646372548325,0.0,64,tanh,Adam,3.9171695709228516,5.433155059814453,0.6668949127197266
combined_9M,trial_43,2.0,512.0,0.00045145800634054643,0.0,64,sigmoid,Adam,2.6866283416748047,3.562913656234741,0.857527494430542
combined_9M,trial_88,2.0,512.0,0.00026149702861565164,0.0,16,sigmoid,Adam,2.590731143951416,3.387098789215088,0.8513200879096985
combined_9M,trial_81,2.0,512.0,0.00025988852165622305,0.0,16,sigmoid,Adam,2.6925079822540283,3.4335529804229736,0.8497524857521057
combined_9M,trial_72,2.0,512.0,0.00020906699789689743,0.0,16,sigmoid,Adam,2.602614164352417,3.3640799522399902,0.8540763854980469
combined_9M,trial_0,1.0,256.0,1.4947478722080484e-05,0.0,16,ReLU,Adam,3.384010076522827,4.3971686363220215,0.7458906769752502
combined_9M,trial_19,2.0,512.0,0.0009032965139112912,1.0,128,sigmoid,Adam,2.7543814182281494,3.5568721294403076,0.8630866408348083
combined_9M,trial_26,2.0,512.0,0.000888704951211845,1.0,128,sigmoid,Adam,2.7823002338409424,3.6207869052886963,0.8575909733772278
combined_3M,trial_54,2.0,256.0,0.00033047939220669806,1.0,32,sigmoid,Adam,2.470681667327881,3.3255867958068848,0.8410103917121887
combined_3M,trial_53,2.0,256.0,0.00019996913958118836,1.0,32,sigmoid,Adam,2.477289915084839,3.364276885986328,0.8374069929122925
combined_3M,trial_65,2.0,256.0,0.000246267530753079,0.0,32,sigmoid,Adam,2.5041892528533936,3.4434890747070312,0.8294700384140015
combined_3M,trial_91,2.0,512.0,7.577438437692614e-05,0.0,16,sigmoid,Adam,2.427488088607788,3.27888822555542,0.8206631541252136
combined_3M,trial_96,2.0,512.0,6.299268924829719e-05,0.0,16,sigmoid,Adam,2.397916316986084,3.232473373413086,0.8252538442611694
combined_3M,trial_62,2.0,256.0,0.00015303993970446756,0.0,32,sigmoid,Adam,2.4304442405700684,3.2854864597320557,0.844771146774292
combined_3M,trial_31,2.0,256.0,0.00018000219578767605,1.0,32,sigmoid,Adam,2.4449503421783447,3.3186862468719482,0.8413631319999695
combined_3M,trial_97,2.0,512.0,6.739129009598508e-05,0.0,16,sigmoid,Adam,2.430802345275879,3.189817190170288,0.8330076336860657
combined_3M,trial_90,2.0,512.0,7.089987148885966e-05,0.0,16,sigmoid,Adam,2.425062894821167,3.212596893310547,0.8291080594062805
combined_3M,trial_12,2.0,32.0,0.0008906976448761285,0.0,16,sigmoid,Adam,2.513784408569336,3.351639747619629,0.8168269991874695
combined_3M,trial_24,2.0,256.0,0.00016018197552864632,1.0,32,sigmoid,Adam,2.4679653644561768,3.3388614654541016,0.839143693447113
combined_3M,trial_23,2.0,256.0,0.0005937082341606186,0.0,32,sigmoid,Adam,2.4987573623657227,3.4385313987731934,0.8308742046356201
combined_3M,trial_83,2.0,512.0,0.00011095852458270662,0.0,16,sigmoid,Adam,2.4131827354431152,3.2394440174102783,0.8242886066436768
combined_3M,trial_5,2.0,128.0,1.166861857443006e-05,1.0,128,tanh,Adam,18.337936401367188,20.40729331970215,-4.491249084472656
combined_3M,trial_84,2.0,512.0,0.0001127957354220257,0.0,16,sigmoid,Adam,2.4240942001342773,3.213547468185425,0.8278138041496277
combined_3M,trial_70,3.0,512.0,0.00010256789919057058,0.0,16,sigmoid,Adam,2.4502992630004883,3.302488327026367,0.8178365230560303
combined_3M,trial_2,1.0,64.0,1.5825602609470114e-05,0.0,128,tanh,Adam,23.5101375579834,24.981359481811523,-7.206198692321777
combined_3M,trial_41,2.0,256.0,0.00021764285818848153,1.0,32,sigmoid,Adam,2.4410316944122314,3.330406665802002,0.8389158248901367
combined_3M,trial_22,2.0,32.0,0.0006348463920759152,0.0,16,sigmoid,Adam,2.532222270965576,3.3627617359161377,0.8158391714096069
combined_3M,trial_25,2.0,256.0,0.00014787035311948494,1.0,32,sigmoid,Adam,2.464906692504883,3.3091907501220703,0.8431811332702637
combined_3M,trial_13,2.0,256.0,0.0004245514275954722,0.0,16,sigmoid,Adam,2.5588629245758057,3.2958245277404785,0.8237165808677673
combined_3M,trial_14,2.0,128.0,0.0001717643848449137,1.0,32,sigmoid,Adam,2.4685001373291016,3.338048219680786,0.8400661945343018
combined_3M,trial_40,3.0,256.0,0.00030134018202767867,1.0,32,ReLU,Adam,2.6358256340026855,3.5006046295166016,0.8251168131828308
combined_3M,trial_71,3.0,512.0,9.580315742338217e-05,0.0,16,sigmoid,Adam,2.4740185737609863,3.2404098510742188,0.8270617723464966
combined_3M,trial_85,2.0,512.0,7.27741415030641e-05,0.0,16,sigmoid,Adam,2.396467924118042,3.221707582473755,0.8258067965507507
combined_3M,trial_3,1.0,512.0,0.00013702654731050093,1.0,128,tanh,Adam,2.6931443214416504,3.7427237033843994,0.8163197040557861
combined_3M,trial_82,2.0,512.0,0.00011473958221430369,0.0,16,sigmoid,Adam,2.4119319915771484,3.245278835296631,0.8232511878013611
combined_3M,trial_76,2.0,512.0,5.377094180595829e-05,0.0,16,sigmoid,Adam,2.385331869125366,3.201738119125366,0.829361081123352
combined_3M,trial_4,2.0,32.0,0.00043579173582870026,1.0,32,ReLU,Adam,2.8954763412475586,3.768113374710083,0.7991576194763184
combined_3M,trial_32,2.0,256.0,0.0002177930782543849,1.0,32,sigmoid,Adam,2.453369379043579,3.319438934326172,0.8422296047210693
combined_3M,trial_50,2.0,64.0,0.0004959775607268545,1.0,32,ReLU,Adam,2.6722726821899414,3.614388942718506,0.813245952129364
combined_3M,trial_95,2.0,512.0,6.408257932161691e-05,0.0,16,sigmoid,Adam,2.3892624378204346,3.1975746154785156,0.8291161060333252
combined_3M,trial_61,2.0,256.0,0.0001502935171703091,0.0,32,sigmoid,Adam,2.4193384647369385,3.2995896339416504,0.8434659242630005
combined_3M,trial_33,2.0,256.0,0.00016998719625454744,1.0,32,sigmoid,Adam,2.458542823791504,3.305670976638794,0.8432992100715637
combined_3M,trial_58,2.0,256.0,0.0004644190220531679,0.0,32,sigmoid,Adam,2.4576706886291504,3.363936424255371,0.8366278409957886
combined_3M,trial_93,2.0,512.0,5.9405072661084273e-05,0.0,16,sigmoid,Adam,2.392780065536499,3.2118451595306396,0.828129231929779
combined_3M,trial_67,2.0,256.0,0.0001536644033518553,0.0,16,sigmoid,Adam,2.41766357421875,3.207221269607544,0.8291321992874146
combined_3M,trial_69,2.0,256.0,0.00010060510544982932,0.0,16,sigmoid,Adam,2.4183149337768555,3.241389036178589,0.8249731659889221
combined_3M,trial_56,2.0,256.0,0.0002706341850101236,0.0,32,sigmoid,Adam,2.4668610095977783,3.3804337978363037,0.8355545401573181
combined_3M,trial_87,2.0,512.0,8.603826028959716e-05,0.0,16,sigmoid,Adam,2.4101791381835938,3.235178232192993,0.8247745633125305
combined_3M,trial_73,2.0,512.0,5.230687767602765e-05,0.0,16,sigmoid,Adam,2.391468048095703,3.1932737827301025,0.8291216492652893
combined_3M,trial_1,1.0,64.0,0.00037695553427033885,0.0,128,sigmoid,Adam,2.575857639312744,3.492633104324341,0.8399212956428528
combined_3M,trial_6,3.0,512.0,2.003520454018908e-05,1.0,64,sigmoid,Adam,4.079518795013428,5.319152355194092,0.6285004019737244
combined_3M,trial_89,2.0,512.0,8.634282067220957e-05,0.0,16,sigmoid,Adam,2.4722700119018555,3.33479642868042,0.8132386207580566
combined_3M,trial_8,1.0,512.0,8.115608118494114e-05,0.0,128,tanh,Adam,2.7261624336242676,3.8010053634643555,0.8105731010437012
combined_3M,trial_11,2.0,32.0,0.0009374904606403794,0.0,16,sigmoid,Adam,2.5431137084960938,3.3805315494537354,0.8127932548522949
combined_3M,trial_20,2.0,64.0,0.00025089064326924585,1.0,32,ReLU,Adam,2.6742000579833984,3.6214599609375,0.8129678964614868
combined_3M,trial_9,2.0,64.0,0.00039051230146569836,1.0,32,sigmoid,Adam,2.4805641174316406,3.3629696369171143,0.8368224501609802
combined_3M,trial_88,2.0,512.0,7.292242260226516e-05,0.0,16,sigmoid,Adam,2.401916027069092,3.1958365440368652,0.8301437497138977
combined_3M,trial_0,3.0,256.0,2.374385021185427e-05,1.0,128,tanh,Adam,11.883706092834473,15.171610832214355,-2.0428688526153564
combined_3M,trial_19,3.0,128.0,0.0002410157207894768,1.0,32,sigmoid,Adam,2.6758012771606445,3.6034371852874756,0.814302384853363
combined_3M,trial_21,2.0,32.0,0.0005946670430774962,0.0,16,sigmoid,Adam,2.5410523414611816,3.3350398540496826,0.8197348117828369
combined_3M,trial_28,2.0,256.0,0.00035239850364419847,1.0,32,ReLU,Adam,2.6857619285583496,3.5556557178497314,0.8194054365158081
combined_3M,trial_17,1.0,128.0,0.00021280834230283014,1.0,32,ReLU,Adam,2.6999833583831787,3.611656665802002,0.8138115406036377
combined_3M,trial_10,2.0,32.0,0.0009747332546017874,0.0,16,sigmoid,Adam,2.519789457321167,3.3674235343933105,0.8163617253303528
combined_6M,trial_54,1.0,256.0,0.0005856940089871015,0.0,16,sigmoid,Adam,2.568953275680542,3.4214351177215576,0.8420553803443909
combined_6M,trial_53,1.0,256.0,0.00045405571190719533,0.0,16,sigmoid,Adam,2.5547807216644287,3.408571720123291,0.8419235348701477
combined_6M,trial_91,1.0,256.0,0.0004516183123129214,0.0,16,sigmoid,Adam,2.5488643646240234,3.3720571994781494,0.8445140719413757
combined_6M,trial_62,1.0,256.0,0.0004288264532554848,0.0,16,sigmoid,Adam,2.539877414703369,3.386157274246216,0.8432191610336304
combined_6M,trial_31,1.0,256.0,0.0004579476887402269,0.0,16,sigmoid,Adam,2.600046396255493,3.4635002613067627,0.8377464413642883
combined_6M,trial_15,1.0,256.0,0.0002594373941566507,0.0,16,sigmoid,Adam,2.5156683921813965,3.371691942214966,0.8457186222076416
combined_6M,trial_12,2.0,512.0,0.00014623634296747517,0.0,16,sigmoid,Adam,2.501373767852783,3.3086140155792236,0.8484539985656738
combined_6M,trial_24,1.0,256.0,0.0009035872289212894,0.0,16,sigmoid,Adam,2.612532377243042,3.446227788925171,0.8390019536018372
combined_6M,trial_23,1.0,256.0,0.0004801147287492589,0.0,16,sigmoid,Adam,2.613246440887451,3.462024450302124,0.8385900855064392
combined_6M,trial_2,2.0,64.0,0.0001468220002250821,0.0,32,ReLU,Adam,2.96301007270813,3.962808609008789,0.8047259449958801
combined_6M,trial_41,1.0,256.0,0.00034117808753172485,0.0,16,sigmoid,Adam,2.5416619777679443,3.394796371459961,0.8439538478851318
combined_6M,trial_22,1.0,256.0,0.00023625416850476716,0.0,16,sigmoid,Adam,2.5202996730804443,3.3438265323638916,0.8475369811058044
combined_6M,trial_13,2.0,256.0,0.00017481357693329414,0.0,16,sigmoid,Adam,2.5032217502593994,3.342742919921875,0.8445605635643005
combined_6M,trial_14,1.0,256.0,0.0002489496250568375,0.0,16,sigmoid,Adam,2.5682766437530518,3.4118170738220215,0.840384840965271
combined_6M,trial_71,1.0,256.0,0.0004582487201304436,0.0,16,sigmoid,Adam,2.549379825592041,3.384152412414551,0.8441731333732605
combined_6M,trial_85,1.0,256.0,0.0004991481891908151,1.0,16,sigmoid,Adam,2.5729732513427734,3.419579029083252,0.8424108624458313
combined_6M,trial_3,3.0,512.0,5.285431941060465e-05,0.0,32,sigmoid,Adam,2.563086986541748,3.4591197967529297,0.8513004183769226
combined_6M,trial_82,1.0,256.0,0.00069298742136881,1.0,16,sigmoid,Adam,2.6082022190093994,3.450744390487671,0.838674008846283
combined_6M,trial_4,1.0,128.0,1.1497682433537313e-05,0.0,16,sigmoid,Adam,2.7601613998413086,3.725560426712036,0.8103545308113098
combined_6M,trial_32,1.0,256.0,0.000752918373850875,0.0,16,sigmoid,Adam,2.589568853378296,3.4396581649780273,0.8391202092170715
combined_6M,trial_68,1.0,256.0,0.00041600903656778657,1.0,16,sigmoid,Adam,2.540886402130127,3.391484022140503,0.8440403342247009
combined_6M,trial_59,1.0,256.0,0.0005477046446934942,0.0,16,sigmoid,Adam,2.5417070388793945,3.3832523822784424,0.8441992402076721
combined_6M,trial_92,1.0,256.0,0.0006446828864801584,0.0,16,sigmoid,Adam,2.5745372772216797,3.4234936237335205,0.8406944870948792
combined_6M,trial_34,2.0,512.0,0.0007526331133761596,0.0,16,sigmoid,Adam,2.6718006134033203,3.5547518730163574,0.826506495475769
combined_6M,trial_33,1.0,256.0,0.0007382009518643722,0.0,16,sigmoid,Adam,2.630675792694092,3.4721715450286865,0.8358778953552246
combined_6M,trial_51,1.0,256.0,0.00033033593527203003,0.0,16,sigmoid,Adam,2.5302951335906982,3.3681459426879883,0.8467039465904236
combined_6M,trial_1,3.0,128.0,8.104383721630566e-05,1.0,128,tanh,Adam,7.953859806060791,9.701788902282715,-0.07634034007787704
combined_6M,trial_74,1.0,256.0,0.0005061557934854143,0.0,16,sigmoid,Adam,2.545917272567749,3.3798985481262207,0.8457792401313782
combined_6M,trial_42,1.0,256.0,0.0003779799208011126,0.0,16,sigmoid,Adam,2.5497026443481445,3.385080575942993,0.8460451364517212
combined_6M,trial_89,1.0,256.0,0.0005538692263787951,0.0,16,sigmoid,Adam,2.5340311527252197,3.385547399520874,0.8432789444923401
combined_6M,trial_11,2.0,256.0,0.00015695616850758674,0.0,16,sigmoid,Adam,2.5081517696380615,3.3492116928100586,0.8462278842926025
combined_6M,trial_16,1.0,256.0,0.00031532042962905397,0.0,16,sigmoid,Adam,2.530243396759033,3.3671276569366455,0.8464962840080261
combined_6M,trial_44,1.0,256.0,0.0008433975596595809,0.0,16,sigmoid,Adam,2.651190757751465,3.4930529594421387,0.8349952101707458
combined_6M,trial_81,1.0,256.0,0.0004030544154327748,1.0,16,sigmoid,Adam,2.5205748081207275,3.366014242172241,0.846541702747345
combined_6M,trial_7,2.0,256.0,0.0005858074509079413,0.0,64,tanh,Adam,2.8016700744628906,3.842473030090332,0.8237787485122681
combined_6M,trial_0,2.0,512.0,0.0002923465336056893,1.0,64,ReLU,Adam,2.927597999572754,4.030009746551514,0.8063868880271912
