dataset,trial,n_layer,n_units,learning_rate,decroissant,batch_size,criterion,activation,optimizer,mae,rmse,r2
Combined_18M,trial_54,2.0,512.0,0.0008425293150498223,0.0,128,Huber,sigmoid,Adam,3.2988693714141846,4.301854610443115,0.8112531900405884
Combined_18M,trial_65,1.0,512.0,0.0004743375038333116,1.0,16,Huber,sigmoid,Adam,2.9335615634918213,3.797612190246582,0.8337996006011963
Combined_18M,trial_91,1.0,512.0,0.000509135879668026,1.0,16,Huber,sigmoid,Adam,2.855877637863159,3.6531574726104736,0.8455584049224854
Combined_18M,trial_62,1.0,512.0,0.0004512920021094199,0.0,16,Huber,sigmoid,Adam,2.8527464866638184,3.6719517707824707,0.84349125623703
Combined_18M,trial_36,2.0,512.0,0.00048543090572542323,0.0,16,Huber,tanh,Adam,6.268707275390625,9.402673721313477,-0.12416944652795792
Combined_18M,trial_31,2.0,512.0,0.0009717417912812277,0.0,128,Huber,sigmoid,Adam,3.130380630493164,4.154993534088135,0.8247697949409485
Combined_18M,trial_97,1.0,512.0,0.0006104830623973507,1.0,16,Huber,sigmoid,Adam,2.976983070373535,3.8006114959716797,0.8334830403327942
Combined_18M,trial_90,1.0,512.0,0.0007242280428323821,1.0,16,Huber,sigmoid,Adam,3.0358774662017822,3.875892400741577,0.8281295299530029
Combined_18M,trial_64,1.0,512.0,0.00042192329646020127,1.0,16,Huber,sigmoid,Adam,3.0016698837280273,3.788745164871216,0.834720253944397
Combined_18M,trial_52,2.0,512.0,0.0008553385716888444,0.0,128,Huber,sigmoid,Adam,3.223893404006958,4.202389240264893,0.8196452856063843
Combined_18M,trial_15,3.0,512.0,5.9330514500537995e-05,0.0,16,Huber,sigmoid,Adam,3.6532766819000244,4.686155319213867,0.7573549151420593
Combined_18M,trial_83,1.0,512.0,0.0004983700989863659,1.0,16,Huber,sigmoid,Adam,2.9675683975219727,3.7637016773223877,0.837155282497406
Combined_18M,trial_5,1.0,256.0,9.049085900467683e-05,0.0,16,MAE,tanh,Adam,8.572667121887207,10.974420547485352,-0.41035786271095276
Combined_18M,trial_84,1.0,512.0,0.0006559000657173341,1.0,16,Huber,sigmoid,Adam,2.956298351287842,3.8137543201446533,0.8316852450370789
Combined_18M,trial_2,3.0,512.0,1.5728079412673868e-05,0.0,128,MSE,tanh,Adam,19.4216251373291,20.87905502319336,-3.5024936199188232
Combined_18M,trial_46,3.0,512.0,0.0003294011541204136,0.0,16,Huber,ReLU,Adam,3.8067150115966797,4.855371952056885,0.7151287198066711
Combined_18M,trial_25,2.0,512.0,0.00042097783556464406,0.0,16,MAE,sigmoid,Adam,3.2364282608032227,4.163153171539307,0.8082175850868225
Combined_18M,trial_40,2.0,512.0,0.000175455882682365,0.0,16,MAE,sigmoid,Adam,3.2865729331970215,4.1844611167907715,0.8058335781097412
Combined_18M,trial_3,2.0,512.0,1.4026440536044868e-05,0.0,32,MAE,tanh,Adam,13.164576530456543,17.869041442871094,-2.5021567344665527
Combined_18M,trial_82,1.0,512.0,0.0005216458356003131,1.0,16,Huber,sigmoid,Adam,2.9886579513549805,3.777806520462036,0.83320552110672
Combined_18M,trial_76,1.0,512.0,0.0004433227009645997,1.0,16,Huber,sigmoid,Adam,2.998255729675293,3.834416151046753,0.8314710259437561
Combined_18M,trial_4,1.0,512.0,1.51085773884295e-05,1.0,128,Huber,sigmoid,Adam,18.970468521118164,20.527456283569336,-3.357307195663452
Combined_18M,trial_32,2.0,512.0,0.0007769547131647287,0.0,128,Huber,sigmoid,Adam,3.301604986190796,4.320870876312256,0.8086861371994019
Combined_18M,trial_61,1.0,512.0,0.00044474404951177663,0.0,16,Huber,sigmoid,Adam,2.923631191253662,3.73626708984375,0.8404398560523987
Combined_18M,trial_66,1.0,512.0,0.00043426317518943463,1.0,16,Huber,sigmoid,Adam,2.9301366806030273,3.738565444946289,0.8404747247695923
Combined_18M,trial_33,2.0,512.0,0.0006568053004986613,0.0,128,Huber,sigmoid,Adam,3.332505702972412,4.347794532775879,0.8073964715003967
Combined_18M,trial_58,1.0,512.0,0.0003810100097912393,0.0,16,Huber,sigmoid,Adam,2.9527597427368164,3.7253243923187256,0.8395307660102844
Combined_18M,trial_93,1.0,512.0,0.0006194937503214383,1.0,16,Huber,sigmoid,Adam,3.0024943351745605,3.846726894378662,0.8314676284790039
Combined_18M,trial_94,1.0,512.0,0.0006487888397675888,1.0,16,Huber,sigmoid,Adam,2.8834574222564697,3.7271385192871094,0.838742196559906
Combined_18M,trial_56,2.0,512.0,0.0003616572309777578,0.0,16,Huber,sigmoid,Adam,3.1752068996429443,4.131612300872803,0.810569167137146
Combined_18M,trial_51,2.0,512.0,0.0007692259695784498,0.0,128,Huber,sigmoid,Adam,3.2448246479034424,4.293830871582031,0.8128971457481384
Combined_18M,trial_73,1.0,512.0,0.00046368777885425177,1.0,16,Huber,sigmoid,Adam,2.956698417663574,3.7311365604400635,0.8387851715087891
Combined_18M,trial_1,2.0,128.0,0.0006347385427057554,1.0,64,Huber,tanh,Adam,9.041403770446777,11.69189167022705,-0.431883305311203
Combined_18M,trial_74,1.0,512.0,0.0004504797791774587,1.0,16,Huber,sigmoid,Adam,2.9661951065063477,3.773796796798706,0.8365331292152405
Combined_18M,trial_80,1.0,512.0,0.0005810877425718601,1.0,16,Huber,sigmoid,Adam,3.0152297019958496,3.8211557865142822,0.8335838317871094
Combined_18M,trial_6,3.0,512.0,0.00016512465578437827,0.0,32,Huber,sigmoid,Adam,3.4788753986358643,4.554609298706055,0.785133421421051
Combined_18M,trial_42,2.0,512.0,0.0008391189232845218,0.0,128,Huber,sigmoid,Adam,3.2553765773773193,4.239161491394043,0.8175906538963318
Combined_18M,trial_29,3.0,512.0,0.0005917239129768589,0.0,128,MAE,sigmoid,Adam,3.4909400939941406,4.592231750488281,0.7858044505119324
Combined_18M,trial_20,2.0,64.0,0.0009984235415712165,1.0,32,Huber,ReLU,Adam,4.030318260192871,5.361721515655518,0.6795381903648376
Combined_18M,trial_18,2.0,64.0,0.0009738969768716037,1.0,32,Huber,sigmoid,Adam,3.0001742839813232,4.052631378173828,0.8298762440681458
Combined_18M,trial_27,2.0,512.0,0.0009467007537376675,0.0,128,Huber,sigmoid,Adam,3.2318918704986572,4.28028678894043,0.813241183757782
Combined_18M,trial_44,2.0,512.0,0.0007964538414008664,0.0,128,Huber,sigmoid,Adam,3.3336455821990967,4.382465839385986,0.8039878606796265
Combined_18M,trial_9,2.0,64.0,0.0006369579453341984,0.0,32,Huber,tanh,Adam,7.292088508605957,10.339614868164062,-0.18860404193401337
Combined_18M,trial_81,1.0,512.0,0.0005083717819432658,1.0,16,Huber,sigmoid,Adam,2.9076876640319824,3.6748199462890625,0.843458354473114
Combined_18M,trial_75,1.0,512.0,0.0005337926308943689,1.0,16,Huber,sigmoid,Adam,2.9967195987701416,3.7732632160186768,0.8376063704490662
Combined_18M,trial_7,1.0,256.0,0.0002651434300711162,1.0,32,MAE,ReLU,Adam,4.5158796310424805,6.094520568847656,0.5834388732910156
Combined_18M,trial_72,1.0,512.0,0.00046429575240220183,1.0,16,Huber,sigmoid,Adam,2.8850960731506348,3.684152364730835,0.8417139649391174
Combined_18M,trial_0,1.0,256.0,3.352282455119719e-05,0.0,16,MAE,sigmoid,Adam,3.0213429927825928,3.9310965538024902,0.8215436339378357
Combined_18M,trial_26,2.0,512.0,0.00041107714902596765,1.0,64,Huber,sigmoid,Adam,3.3002073764801025,4.388203144073486,0.8039270639419556
Combined_12M,trial_54,1.0,512.0,0.0003414961906383528,0.0,16,Huber,sigmoid,Adam,2.5178651809692383,3.2326598167419434,0.8772969245910645
Combined_12M,trial_53,1.0,512.0,0.00034702788755963063,0.0,16,Huber,sigmoid,Adam,2.5186843872070312,3.2124197483062744,0.8788159489631653
Combined_12M,trial_91,1.0,512.0,0.00021573450689866478,0.0,16,Huber,sigmoid,Adam,2.466001272201538,3.207484722137451,0.8804911375045776
Combined_12M,trial_62,1.0,512.0,0.00022422208484268734,0.0,16,Huber,sigmoid,Adam,2.453856945037842,3.1895763874053955,0.881249725818634
Combined_12M,trial_31,1.0,256.0,0.00018291925259346936,1.0,32,Huber,sigmoid,Adam,2.6382319927215576,3.4056575298309326,0.8782123327255249
Combined_12M,trial_38,3.0,512.0,0.0004810505088838441,0.0,32,MAE,tanh,Adam,2.604968547821045,3.4853858947753906,0.8733579516410828
Combined_12M,trial_63,1.0,512.0,0.0002135531075694074,0.0,16,Huber,sigmoid,Adam,2.46529221534729,3.1905131340026855,0.8805932998657227
Combined_12M,trial_52,1.0,512.0,0.0004951411414809729,0.0,16,Huber,sigmoid,Adam,2.5387656688690186,3.2549314498901367,0.8774959444999695
Combined_12M,trial_55,1.0,512.0,0.0001529905595048089,0.0,16,Huber,sigmoid,Adam,2.46382474899292,3.204627513885498,0.8802512884140015
Combined_12M,trial_37,1.0,512.0,0.0007430602832198421,0.0,128,Huber,sigmoid,Adam,2.5540947914123535,3.360065460205078,0.8885153532028198
Combined_12M,trial_12,1.0,256.0,9.56698082563247e-05,1.0,32,Huber,sigmoid,Adam,2.5994863510131836,3.3750860691070557,0.8801751732826233
Combined_12M,trial_24,1.0,256.0,0.0003088786938695591,1.0,64,Huber,sigmoid,Adam,2.676283597946167,3.4744386672973633,0.8782229423522949
Combined_12M,trial_23,1.0,256.0,0.00023052316134891473,1.0,32,Huber,sigmoid,Adam,2.624943494796753,3.390636444091797,0.8790465593338013
Combined_12M,trial_83,1.0,512.0,0.00021307166932895162,0.0,16,Huber,sigmoid,Adam,2.5125815868377686,3.2377493381500244,0.8778512477874756
Combined_12M,trial_48,1.0,512.0,0.0003841181851451937,0.0,16,Huber,sigmoid,Adam,2.4885778427124023,3.19407320022583,0.881178081035614
Combined_12M,trial_70,1.0,512.0,0.00019928214512770527,0.0,16,Huber,sigmoid,Adam,2.462008476257324,3.190338611602783,0.8824023604393005
Combined_12M,trial_2,1.0,256.0,0.00020531672353995097,0.0,128,Huber,sigmoid,Adam,2.7081918716430664,3.523300886154175,0.8772788643836975
Combined_12M,trial_46,1.0,512.0,0.0007225633914729254,0.0,32,Huber,ReLU,Adam,3.2577247619628906,4.165048599243164,0.8202000856399536
Combined_12M,trial_22,1.0,256.0,0.0002961150148247562,1.0,32,Huber,sigmoid,Adam,2.6164586544036865,3.399122714996338,0.8787820339202881
Combined_12M,trial_25,1.0,256.0,0.0002716384937545322,1.0,32,Huber,sigmoid,Adam,2.5358223915100098,3.3219423294067383,0.8840653896331787
Combined_12M,trial_13,1.0,256.0,8.169926333735204e-05,1.0,32,Huber,sigmoid,Adam,2.5813050270080566,3.3524959087371826,0.882003128528595
Combined_12M,trial_40,1.0,512.0,0.0008802663499269818,0.0,64,Huber,sigmoid,Adam,2.5509443283081055,3.338092803955078,0.8873676061630249
Combined_12M,trial_47,1.0,512.0,0.00021911409435419236,0.0,32,Huber,sigmoid,Adam,2.476860761642456,3.264298677444458,0.8879684209823608
Combined_12M,trial_3,2.0,64.0,0.0001797518729466902,0.0,16,MSE,sigmoid,Adam,2.7820420265197754,3.5533554553985596,0.8523796796798706
Combined_12M,trial_82,1.0,512.0,0.0002135512580381726,0.0,16,Huber,sigmoid,Adam,2.5200231075286865,3.2441840171813965,0.8772598505020142
Combined_12M,trial_76,1.0,512.0,0.0002991300889931828,0.0,16,Huber,sigmoid,Adam,2.5226874351501465,3.2625224590301514,0.8755691647529602
Combined_12M,trial_4,3.0,64.0,2.8387529869686215e-05,0.0,16,MSE,tanh,Adam,4.4594902992248535,5.963278770446777,0.5688779950141907
Combined_12M,trial_49,2.0,512.0,0.0009919711896693934,0.0,32,Huber,sigmoid,Adam,2.6994452476501465,3.557680368423462,0.8654572367668152
Combined_12M,trial_32,1.0,256.0,0.000236566732775824,1.0,32,Huber,sigmoid,Adam,2.604194402694702,3.382998466491699,0.8797924518585205
Combined_12M,trial_35,1.0,512.0,0.0006106162528007196,0.0,32,Huber,sigmoid,Adam,2.479156970977783,3.261465549468994,0.8883207440376282
Combined_12M,trial_95,1.0,512.0,0.0002770442898677417,0.0,16,Huber,sigmoid,Adam,2.4616215229034424,3.2107348442077637,0.8800899386405945
Combined_12M,trial_61,1.0,512.0,0.000414344609448001,0.0,16,Huber,sigmoid,Adam,2.490793466567993,3.2316641807556152,0.8782101273536682
Combined_12M,trial_33,1.0,512.0,0.000311166330696487,1.0,32,Huber,sigmoid,Adam,2.5113463401794434,3.2953848838806152,0.8857051134109497
Combined_12M,trial_93,1.0,512.0,0.00023816362910438868,0.0,16,Huber,sigmoid,Adam,2.466139316558838,3.1855571269989014,0.8830726146697998
Combined_12M,trial_94,1.0,512.0,0.00020688414095285597,0.0,16,Huber,sigmoid,Adam,2.4384448528289795,3.1631293296813965,0.8836381435394287
Combined_12M,trial_51,1.0,512.0,0.0003585501031219515,0.0,16,Huber,sigmoid,Adam,2.5300979614257812,3.2431282997131348,0.8785786628723145
Combined_12M,trial_87,1.0,512.0,0.00022496745807123707,0.0,16,Huber,sigmoid,Adam,2.469733715057373,3.1889584064483643,0.8813262581825256
Combined_12M,trial_73,1.0,512.0,0.00018375114182506648,0.0,16,Huber,sigmoid,Adam,2.4316563606262207,3.1709024906158447,0.8838212490081787
Combined_12M,trial_1,3.0,512.0,3.2192154333369746e-05,0.0,128,MAE,sigmoid,Adam,6.149457931518555,7.76948881149292,0.4036960303783417
Combined_12M,trial_74,1.0,512.0,0.0002315683928495235,0.0,16,Huber,sigmoid,Adam,2.4499123096466064,3.1998114585876465,0.8803290128707886
Combined_12M,trial_42,1.0,512.0,0.0005240334128505492,1.0,32,Huber,sigmoid,Adam,2.483154773712158,3.27435040473938,0.8871468901634216
Combined_12M,trial_89,1.0,512.0,0.0002709352700708624,0.0,16,Huber,sigmoid,Adam,2.4734230041503906,3.194577217102051,0.8813959360122681
Combined_12M,trial_8,2.0,512.0,0.000459350698526518,0.0,128,MAE,ReLU,Adam,3.094726800918579,3.9314050674438477,0.8466278314590454
Combined_12M,trial_11,1.0,256.0,0.00013788107518147418,1.0,32,Huber,sigmoid,Adam,2.6323609352111816,3.4119248390197754,0.8776997327804565
Combined_12M,trial_18,1.0,256.0,5.9844922048522005e-05,1.0,32,Huber,ReLU,Adam,3.5263664722442627,4.510112285614014,0.7877392768859863
Combined_12M,trial_27,1.0,256.0,0.0008189615816860759,1.0,32,Huber,sigmoid,Adam,2.6098475456237793,3.380502462387085,0.8797385096549988
Combined_12M,trial_44,1.0,512.0,0.00038108674362503605,0.0,32,Huber,sigmoid,Adam,2.466583251953125,3.250154495239258,0.8888089060783386
Combined_12M,trial_43,1.0,512.0,0.00034167756663967596,0.0,32,Huber,sigmoid,Adam,2.541172504425049,3.327627182006836,0.8838509917259216
Combined_12M,trial_81,1.0,512.0,0.00024385497949414028,0.0,16,Huber,sigmoid,Adam,2.4674243927001953,3.1849842071533203,0.8829875588417053
Combined_12M,trial_7,2.0,256.0,0.00021024618469420148,1.0,16,Huber,sigmoid,Adam,2.779322624206543,3.5383737087249756,0.8513995409011841
Combined_12M,trial_72,1.0,512.0,0.0001803757186085067,0.0,16,Huber,sigmoid,Adam,2.4487321376800537,3.16253924369812,0.8840727210044861
Combined_12M,trial_0,2.0,64.0,1.931653843552397e-05,1.0,16,MAE,tanh,Adam,10.313163757324219,12.423707962036133,-0.7349690198898315
Combined_12M,trial_21,1.0,256.0,0.00013728319501266092,1.0,32,Huber,sigmoid,Adam,2.643310070037842,3.4126851558685303,0.877921462059021
Combined_21M,trial_54,1.0,256.0,0.0006417628320270792,1.0,16,MAE,ReLU,Adam,4.005131721496582,5.337167739868164,0.7324531078338623
Combined_21M,trial_98,1.0,256.0,0.000967595557230532,0.0,16,Huber,ReLU,Adam,4.086581230163574,5.369175434112549,0.7296941876411438
Combined_21M,trial_53,1.0,256.0,0.000832077614209602,1.0,16,MAE,ReLU,Adam,4.098022937774658,5.351787090301514,0.7395163774490356
Combined_21M,trial_91,1.0,256.0,0.0008806111414241401,0.0,16,Huber,ReLU,Adam,4.100061416625977,5.381033420562744,0.7274587154388428
Combined_21M,trial_62,1.0,256.0,0.0008740602618260754,1.0,16,MAE,ReLU,Adam,3.725193738937378,4.866717338562012,0.7794967889785767
Combined_21M,trial_31,1.0,256.0,0.0005014581732546387,1.0,16,MAE,ReLU,Adam,4.154871463775635,5.351443767547607,0.7363617420196533
Combined_21M,trial_63,1.0,256.0,0.0008537189365403707,1.0,16,MAE,ReLU,Adam,4.306153297424316,5.5699238777160645,0.7067227363586426
Combined_21M,trial_90,1.0,256.0,0.0008621384878514956,0.0,16,Huber,ReLU,Adam,3.9742257595062256,5.200232028961182,0.7473827600479126
Combined_21M,trial_52,1.0,256.0,0.0008209628152304741,1.0,16,MAE,ReLU,Adam,4.542031764984131,5.8758368492126465,0.676293671131134
Combined_21M,trial_55,1.0,256.0,0.0009810198468941768,1.0,16,MAE,ReLU,Adam,3.9761667251586914,5.27976655960083,0.7442383170127869
Combined_21M,trial_12,1.0,64.0,0.0004134859641569104,1.0,16,MAE,ReLU,Adam,4.799485206604004,6.0738749504089355,0.6596655249595642
Combined_21M,trial_24,2.0,256.0,0.0009266473205260659,1.0,16,MAE,ReLU,Adam,4.715245723724365,5.974253177642822,0.6728015542030334
Combined_21M,trial_23,1.0,256.0,0.0005606980089965526,1.0,16,MAE,ReLU,Adam,4.232416152954102,5.474308490753174,0.7181081175804138
Combined_21M,trial_77,1.0,256.0,0.0007524615505663237,1.0,16,Huber,ReLU,Adam,4.069387435913086,5.354781150817871,0.7334943413734436
Combined_21M,trial_83,1.0,256.0,0.0008670778637073357,0.0,16,Huber,ReLU,Adam,4.046506881713867,5.4048357009887695,0.7280096411705017
Combined_21M,trial_2,3.0,32.0,3.0668897707431705e-05,1.0,128,MAE,sigmoid,Adam,22.32021713256836,24.827442169189453,-4.209935188293457
Combined_21M,trial_41,1.0,256.0,0.0005507965020015312,1.0,16,MAE,ReLU,Adam,4.197767734527588,5.498532295227051,0.7169085144996643
Combined_21M,trial_22,1.0,256.0,0.0005363250670575804,1.0,16,MAE,ReLU,Adam,4.2127685546875,5.539287090301514,0.7078762054443359
Combined_21M,trial_13,1.0,256.0,0.00044941750830840066,1.0,16,MAE,ReLU,Adam,4.162075519561768,5.57892370223999,0.7109216451644897
Combined_21M,trial_14,1.0,256.0,0.00038878521730683203,1.0,16,MAE,ReLU,Adam,4.20536994934082,5.405851364135742,0.7235018610954285
Combined_21M,trial_3,3.0,512.0,0.0008859356062816726,1.0,128,MSE,ReLU,Adam,3.904515027999878,5.129875659942627,0.7775757908821106
Combined_21M,trial_4,2.0,128.0,0.00022144139162244284,0.0,16,MAE,tanh,Adam,9.723672866821289,13.1274995803833,-0.6890360713005066
Combined_21M,trial_32,1.0,256.0,0.0009685952970133485,1.0,16,MAE,ReLU,Adam,3.7010340690612793,4.995347499847412,0.7725852131843567
Combined_21M,trial_50,1.0,256.0,0.0007852514406093045,1.0,16,MAE,ReLU,Adam,3.988772392272949,5.224960803985596,0.7443211674690247
Combined_21M,trial_92,1.0,256.0,0.0008868709550676475,0.0,16,Huber,ReLU,Adam,4.234519958496094,5.518274307250977,0.7080809473991394
Combined_21M,trial_33,1.0,256.0,0.000982927856769001,1.0,16,MAE,ReLU,Adam,4.552709579467773,5.930418968200684,0.6681183576583862
Combined_21M,trial_58,1.0,256.0,0.0008266439478131795,1.0,16,MAE,ReLU,Adam,3.9093809127807617,5.1083550453186035,0.7467200756072998
Combined_21M,trial_93,1.0,256.0,0.0008932648079438159,0.0,16,Huber,ReLU,Adam,3.9059505462646484,5.224782943725586,0.7395591139793396
Combined_21M,trial_67,1.0,256.0,0.0006142415033735908,1.0,16,MAE,ReLU,Adam,4.230835914611816,5.521578788757324,0.7173014283180237
Combined_21M,trial_94,1.0,256.0,0.0008928572273971775,0.0,16,Huber,ReLU,Adam,3.993222713470459,5.224115371704102,0.7404251098632812
Combined_21M,trial_69,1.0,512.0,0.000466618215649271,0.0,16,MAE,ReLU,Adam,4.4541850090026855,5.692753314971924,0.6988781690597534
Combined_21M,trial_51,1.0,256.0,0.0008355119699792246,1.0,16,MAE,ReLU,Adam,3.9616329669952393,5.2179179191589355,0.743655800819397
Combined_21M,trial_87,1.0,256.0,0.0008959382418290932,0.0,16,Huber,ReLU,Adam,4.112411975860596,5.32724666595459,0.735416829586029
Combined_21M,trial_1,1.0,256.0,0.0006694203354525933,1.0,16,MAE,ReLU,Adam,3.752931833267212,5.043294429779053,0.7644237279891968
Combined_21M,trial_80,1.0,256.0,0.0006665566217953174,0.0,16,Huber,ReLU,Adam,4.425416946411133,5.743345260620117,0.6863623261451721
Combined_21M,trial_6,3.0,512.0,0.00019726552410503809,1.0,16,MAE,tanh,Adam,10.065503120422363,13.649438858032227,-0.7415241003036499
Combined_21M,trial_45,1.0,256.0,0.0006642471002267314,0.0,16,MAE,ReLU,Adam,4.184232711791992,5.346834182739258,0.7244724035263062
Combined_21M,trial_11,1.0,64.0,0.0007483119929858603,1.0,16,MAE,ReLU,Adam,4.594576358795166,5.864121913909912,0.6865528225898743
Combined_21M,trial_20,1.0,256.0,0.00030529075518443506,1.0,16,MAE,ReLU,Adam,4.4681525230407715,5.732006549835205,0.6942657232284546
Combined_21M,trial_44,1.0,256.0,0.0008014212591116193,1.0,16,MAE,ReLU,Adam,4.162744522094727,5.307790756225586,0.7327597737312317
Combined_21M,trial_43,1.0,256.0,0.0007452173526120743,1.0,16,MAE,ReLU,Adam,4.073060035705566,5.257676601409912,0.7386481165885925
Combined_21M,trial_88,1.0,256.0,0.000892118599585599,0.0,16,Huber,ReLU,Adam,4.343235492706299,5.609638690948486,0.6997091174125671
Combined_21M,trial_75,1.0,256.0,0.0008995325304061274,1.0,16,MAE,ReLU,Adam,3.7805118560791016,4.978675842285156,0.771845281124115
Combined_21M,trial_72,1.0,256.0,0.0008760868715092269,1.0,16,MAE,ReLU,Adam,4.150964260101318,5.502111911773682,0.7178759574890137
Combined_21M,trial_0,1.0,128.0,1.000411300050119e-05,0.0,64,MSE,tanh,Adam,20.948516845703125,21.997907638549805,-3.093895196914673
Combined_21M,trial_26,1.0,256.0,0.000565274269585569,1.0,16,MAE,ReLU,Adam,4.129573822021484,5.360579013824463,0.7244724035263062
Combined_21M,trial_21,1.0,256.0,0.0004366201071956429,1.0,16,MAE,ReLU,Adam,4.224301815032959,5.617924213409424,0.7022286653518677
Combined_21M,trial_10,1.0,64.0,0.0008201204388348032,1.0,16,MAE,ReLU,Adam,4.510715007781982,5.769787788391113,0.6815944314002991
Combined_3M,trial_65,1.0,512.0,0.0003700365760578097,0.0,16,Huber,sigmoid,Adam,2.4105422496795654,3.1818864345550537,0.8414464592933655
Combined_3M,trial_62,1.0,512.0,0.00037467790849018967,0.0,16,Huber,sigmoid,Adam,2.3943405151367188,3.212068796157837,0.8374579548835754
Combined_3M,trial_31,1.0,512.0,0.0006213162240792265,0.0,32,Huber,sigmoid,Adam,2.4342353343963623,3.3408172130584717,0.8528614044189453
Combined_3M,trial_63,1.0,512.0,0.00040803929101563294,0.0,16,Huber,sigmoid,Adam,2.413991928100586,3.2501654624938965,0.8331654667854309
Combined_3M,trial_64,1.0,512.0,0.00039947151800704935,0.0,16,Huber,sigmoid,Adam,2.4111146926879883,3.2383251190185547,0.8348299264907837
Combined_3M,trial_52,1.0,512.0,0.0005179177858335505,0.0,32,Huber,sigmoid,Adam,2.41559100151062,3.2985198497772217,0.857119619846344
Combined_3M,trial_12,1.0,512.0,0.0006816212200473359,0.0,32,Huber,sigmoid,Adam,2.447079658508301,3.3544483184814453,0.8522524833679199
Combined_3M,trial_23,1.0,512.0,0.00036867872022849717,0.0,32,Huber,sigmoid,Adam,2.384089946746826,3.280338764190674,0.8590044975280762
Combined_3M,trial_83,1.0,512.0,0.00026169483953333655,0.0,16,Huber,sigmoid,Adam,2.4112424850463867,3.2112879753112793,0.8394677639007568
Combined_3M,trial_5,3.0,256.0,6.429546921210405e-05,0.0,16,MAE,ReLU,Adam,2.576077699661255,3.4314985275268555,0.8153477907180786
Combined_3M,trial_84,1.0,512.0,0.00041538036967873025,0.0,16,Huber,sigmoid,Adam,2.4288132190704346,3.2934789657592773,0.8280730247497559
Combined_3M,trial_2,2.0,512.0,0.00042279219274037993,1.0,32,MAE,tanh,Adam,2.6249797344207764,3.5892767906188965,0.8322292566299438
Combined_3M,trial_41,1.0,512.0,0.0005064040867921229,0.0,32,Huber,sigmoid,Adam,2.416419267654419,3.304824113845825,0.856265127658844
Combined_3M,trial_25,2.0,512.0,0.0003438852026471225,0.0,32,Huber,sigmoid,Adam,2.4614903926849365,3.435704469680786,0.8439196348190308
Combined_3M,trial_13,1.0,512.0,0.000896682353517017,0.0,32,Huber,sigmoid,Adam,2.4378366470336914,3.3398690223693848,0.8539833426475525
Combined_3M,trial_14,1.0,512.0,0.00031425529751168976,0.0,32,Huber,sigmoid,Adam,2.4093170166015625,3.303330421447754,0.8569352030754089
Combined_3M,trial_71,1.0,512.0,0.00034118556668883245,0.0,16,Huber,sigmoid,Adam,2.4446840286254883,3.2363743782043457,0.8389238119125366
Combined_3M,trial_3,2.0,32.0,1.7343931340088685e-05,0.0,64,MSE,sigmoid,Adam,14.995596885681152,16.9229793548584,-2.48557448387146
Combined_3M,trial_76,1.0,512.0,0.00038624601906543817,0.0,16,Huber,sigmoid,Adam,2.4090332984924316,3.23677659034729,0.8351490497589111
Combined_3M,trial_4,3.0,128.0,1.2399476574707826e-05,1.0,64,MAE,tanh,Adam,16.56751251220703,18.459308624267578,-3.1465861797332764
Combined_3M,trial_32,1.0,512.0,0.0005690408314712016,0.0,32,Huber,sigmoid,Adam,2.418626070022583,3.3125,0.8554071187973022
Combined_3M,trial_92,1.0,512.0,0.0002732523545283921,0.0,16,Huber,sigmoid,Adam,2.4099173545837402,3.213871717453003,0.8380322456359863
Combined_3M,trial_33,1.0,512.0,0.00038133045343747576,0.0,32,Huber,sigmoid,Adam,2.4016737937927246,3.2915475368499756,0.8571296334266663
Combined_3M,trial_67,1.0,512.0,0.0004119828455480295,0.0,16,Huber,sigmoid,Adam,2.3995473384857178,3.2459700107574463,0.8344498872756958
Combined_3M,trial_56,1.0,512.0,0.00023695231461501648,0.0,16,Huber,sigmoid,Adam,2.3869404792785645,3.2174031734466553,0.838616132736206
Combined_3M,trial_51,1.0,512.0,0.0007160776506040156,0.0,32,Huber,sigmoid,Adam,2.4262051582336426,3.301419973373413,0.8573176860809326
Combined_3M,trial_87,1.0,512.0,0.0005533725260276279,0.0,16,Huber,sigmoid,Adam,2.4202561378479004,3.249999523162842,0.8368224501609802
Combined_3M,trial_1,2.0,64.0,1.5938842712673253e-05,1.0,128,MSE,sigmoid,Adam,22.503875732421875,24.22722816467285,-5.953850746154785
Combined_3M,trial_74,1.0,512.0,0.0002951538053106972,0.0,16,Huber,sigmoid,Adam,2.4240872859954834,3.2381911277770996,0.8377584218978882
Combined_3M,trial_6,2.0,512.0,2.087208656216811e-05,0.0,32,MAE,sigmoid,Adam,2.40279483795166,3.316938877105713,0.8550123572349548
Combined_3M,trial_11,1.0,512.0,0.0009627121776695572,0.0,32,Huber,sigmoid,Adam,2.4597184658050537,3.3224520683288574,0.8558645248413086
Combined_3M,trial_18,3.0,512.0,0.00015580806969259193,1.0,32,Huber,ReLU,Adam,2.5246570110321045,3.447995185852051,0.8444531559944153
Combined_3M,trial_27,1.0,512.0,0.0005733540511910653,0.0,32,Huber,sigmoid,Adam,2.4073638916015625,3.3066787719726562,0.8568735122680664
Combined_3M,trial_44,1.0,512.0,0.0005569361467953095,0.0,32,Huber,sigmoid,Adam,2.430264949798584,3.3200089931488037,0.8557115197181702
Combined_3M,trial_43,1.0,512.0,0.0007396572435611195,0.0,32,Huber,sigmoid,Adam,2.4224650859832764,3.299375057220459,0.8566446304321289
Combined_3M,trial_81,1.0,512.0,0.0002626483712750453,0.0,16,Huber,sigmoid,Adam,2.38852858543396,3.2089951038360596,0.8364008665084839
Combined_3M,trial_7,2.0,32.0,4.799455023947991e-05,1.0,128,Huber,ReLU,Adam,3.39694881439209,4.617837905883789,0.7463341951370239
Combined_3M,trial_72,1.0,512.0,0.0002949132345759995,0.0,16,Huber,sigmoid,Adam,2.3846113681793213,3.2091164588928223,0.8370814919471741
Combined_3M,trial_0,2.0,32.0,1.9949557511387514e-05,0.0,64,MSE,sigmoid,Adam,14.036612510681152,15.97240161895752,-2.1044604778289795
Combined_3M,trial_21,1.0,512.0,0.0005888825311451805,0.0,32,Huber,sigmoid,Adam,2.449329376220703,3.3521463871002197,0.8525341153144836
Combined_3M,trial_17,1.0,512.0,0.0004788956239561886,0.0,32,Huber,sigmoid,Adam,2.4188027381896973,3.2862255573272705,0.8580856323242188
Combined_3M,trial_10,1.0,512.0,0.0008480509839287819,0.0,32,Huber,sigmoid,Adam,2.4730396270751953,3.3874435424804688,0.8489569425582886
Combined_9M,trial_54,1.0,512.0,0.0005699526403224056,0.0,16,Huber,sigmoid,Adam,2.5279898643493652,3.294543981552124,0.8642953038215637
Combined_9M,trial_65,1.0,512.0,0.00041176579993105735,0.0,16,Huber,sigmoid,Adam,2.443695306777954,3.1902785301208496,0.8720303177833557
Combined_9M,trial_91,1.0,512.0,0.0003695346006839116,0.0,16,Huber,sigmoid,Adam,2.4538629055023193,3.1963322162628174,0.8718500733375549
Combined_9M,trial_31,2.0,512.0,0.0004656260637318187,0.0,16,Huber,sigmoid,Adam,2.597698211669922,3.4365553855895996,0.8491744995117188
Combined_9M,trial_63,1.0,512.0,0.0005033001718113897,0.0,16,Huber,sigmoid,Adam,2.458800792694092,3.2042691707611084,0.8711299896240234
Combined_9M,trial_12,2.0,512.0,0.0003516199288151577,0.0,128,Huber,sigmoid,Adam,2.55741548538208,3.4498796463012695,0.8722478747367859
Combined_9M,trial_2,3.0,512.0,0.00024053412109932662,1.0,64,MAE,tanh,Adam,2.700143814086914,3.73455548286438,0.841796338558197
Combined_9M,trial_41,1.0,512.0,0.00039097601593742956,0.0,16,Huber,sigmoid,Adam,2.446220874786377,3.1813740730285645,0.8735630512237549
Combined_9M,trial_22,3.0,512.0,0.00024779415970432964,0.0,32,Huber,sigmoid,Adam,2.6588995456695557,3.5138306617736816,0.8570948243141174
Combined_9M,trial_25,2.0,512.0,0.00050491894621745,0.0,32,Huber,sigmoid,Adam,2.663910388946533,3.5675151348114014,0.8542587757110596
Combined_9M,trial_71,1.0,512.0,0.00039227533716249186,0.0,16,Huber,sigmoid,Adam,2.466301202774048,3.1987531185150146,0.8724142909049988
Combined_9M,trial_3,3.0,128.0,2.7375981430229567e-05,1.0,64,MSE,ReLU,Adam,2.917987108230591,3.7717185020446777,0.8431071639060974
Combined_9M,trial_4,1.0,512.0,0.0006415440532219261,0.0,32,Huber,sigmoid,Adam,2.5105373859405518,3.3373255729675293,0.8737238645553589
Combined_9M,trial_32,1.0,512.0,0.0003737336687443143,0.0,16,Huber,sigmoid,Adam,2.4590814113616943,3.2020938396453857,0.8716660737991333
Combined_9M,trial_61,1.0,512.0,0.00035178823143897775,0.0,16,Huber,sigmoid,Adam,2.471639394760132,3.2055516242980957,0.8730278611183167
Combined_9M,trial_34,1.0,512.0,0.00038920694955107624,0.0,16,Huber,sigmoid,Adam,2.476059675216675,3.212820053100586,0.870933473110199
Combined_9M,trial_94,1.0,512.0,0.0003756775173922632,0.0,16,Huber,sigmoid,Adam,2.4676945209503174,3.2272472381591797,0.869327187538147
Combined_9M,trial_51,1.0,512.0,0.00037247730205333446,0.0,16,Huber,sigmoid,Adam,2.4390299320220947,3.1761255264282227,0.8735837340354919
Combined_9M,trial_73,1.0,512.0,0.00043308915051725133,0.0,16,Huber,sigmoid,Adam,2.4364397525787354,3.1794474124908447,0.8739736676216125
Combined_9M,trial_1,1.0,512.0,1.2454932068756432e-05,0.0,16,MSE,ReLU,Adam,2.9096500873565674,3.720183849334717,0.8250259160995483
Combined_9M,trial_42,1.0,512.0,0.00044419522969289,0.0,16,Huber,sigmoid,Adam,2.439039468765259,3.1799941062927246,0.8740398287773132
Combined_9M,trial_11,1.0,512.0,0.0009447531563060822,0.0,32,Huber,ReLU,Adam,2.914663314819336,3.720278263092041,0.8424878716468811
Combined_9M,trial_16,3.0,512.0,0.00019539454943426734,0.0,32,Huber,sigmoid,Adam,2.6100473403930664,3.431251287460327,0.8653888702392578
Combined_9M,trial_27,1.0,512.0,0.0007164657424921365,0.0,16,Huber,sigmoid,Adam,2.4996178150177,3.275449275970459,0.8662714958190918
Combined_9M,trial_44,1.0,512.0,0.0003120079914318477,0.0,16,Huber,sigmoid,Adam,2.4225738048553467,3.164968252182007,0.8749114871025085
Combined_9M,trial_43,1.0,512.0,0.0004061999860952203,0.0,16,Huber,sigmoid,Adam,2.4786458015441895,3.2023606300354004,0.8716331124305725
Combined_9M,trial_7,2.0,128.0,0.00011316438074881865,1.0,32,Huber,ReLU,Adam,2.790278434753418,3.6945126056671143,0.8426007032394409
Combined_9M,trial_72,1.0,512.0,0.0003674783148426925,0.0,16,Huber,sigmoid,Adam,2.47562575340271,3.2444820404052734,0.8683409094810486
Combined_9M,trial_0,2.0,512.0,2.1718784080606968e-05,0.0,64,Huber,ReLU,Adam,2.7664973735809326,3.64583683013916,0.8524419069290161
Combined_9M,trial_21,3.0,512.0,0.0002716630476746812,0.0,32,Huber,sigmoid,Adam,2.6621387004852295,3.5090510845184326,0.8583603501319885
Combined_9M,trial_17,2.0,512.0,0.0005928089262744218,0.0,32,Huber,tanh,Adam,2.716371774673462,3.7204127311706543,0.83995121717453
Combined_30M,trial_53,2.0,512.0,0.00011214375295371541,0.0,32,Huber,ReLU,Adam,5.973685264587402,7.532276153564453,0.3456327021121979
Combined_30M,trial_91,2.0,512.0,0.0001636745649561764,0.0,16,Huber,ReLU,Adam,5.724902629852295,7.243083477020264,0.36855363845825195
Combined_30M,trial_96,2.0,512.0,0.00013372630546904207,0.0,16,Huber,ReLU,Adam,5.891995906829834,7.4302239418029785,0.33199676871299744
Combined_30M,trial_62,2.0,512.0,0.00016965384128942226,0.0,32,Huber,ReLU,Adam,5.98882532119751,7.5367255210876465,0.34510427713394165
Combined_30M,trial_31,2.0,256.0,0.00017586536114861837,0.0,32,Huber,ReLU,Adam,6.171761512756348,7.848162651062012,0.2817504107952118
Combined_30M,trial_63,2.0,512.0,0.0001341229260716768,0.0,32,Huber,ReLU,Adam,6.08066463470459,7.601171016693115,0.33372193574905396
Combined_30M,trial_52,2.0,512.0,0.00018004211815291694,0.0,32,Huber,ReLU,Adam,5.800419807434082,7.380441665649414,0.36892256140708923
Combined_30M,trial_12,3.0,256.0,0.00042233546983273736,0.0,32,Huber,sigmoid,Adam,7.878646373748779,10.305468559265137,-0.21760600805282593
Combined_30M,trial_24,1.0,256.0,0.00012658450946503522,0.0,32,Huber,ReLU,Adam,6.915926456451416,8.723005294799805,0.11433301866054535
Combined_30M,trial_23,2.0,256.0,8.474144906684176e-05,0.0,32,Huber,ReLU,Adam,6.148645877838135,7.719353199005127,0.30982300639152527
Combined_30M,trial_77,2.0,512.0,0.00021568541040054996,1.0,16,Huber,ReLU,Adam,6.170018196105957,7.728287220001221,0.28424331545829773
Combined_30M,trial_83,2.0,512.0,0.00015067663120850138,0.0,16,Huber,ReLU,Adam,6.033657550811768,7.502419471740723,0.31980714201927185
Combined_30M,trial_5,1.0,64.0,1.956380627947895e-05,1.0,64,MAE,ReLU,Adam,16.75817108154297,18.125638961791992,-2.7377636432647705
Combined_30M,trial_84,2.0,512.0,0.00014821310173196252,0.0,16,Huber,ReLU,Adam,5.936559200286865,7.508937358856201,0.3191971480846405
Combined_30M,trial_2,3.0,512.0,1.6589129132107713e-05,1.0,32,MSE,sigmoid,Adam,19.569602966308594,21.547311782836914,-4.339319229125977
Combined_30M,trial_46,2.0,512.0,0.00013960640019016217,0.0,32,Huber,ReLU,Adam,6.011378765106201,7.509939193725586,0.3455406725406647
Combined_30M,trial_41,2.0,512.0,0.0001901047907990627,0.0,32,Huber,ReLU,Adam,6.028106689453125,7.573502063751221,0.33671265840530396
Combined_30M,trial_22,2.0,256.0,0.00015219692930270958,0.0,32,Huber,ReLU,Adam,6.227003574371338,7.83319616317749,0.2889040410518646
Combined_30M,trial_14,2.0,256.0,0.00038347546304400595,0.0,32,Huber,sigmoid,Adam,7.442384719848633,9.582465171813965,-0.05287158861756325
Combined_30M,trial_71,2.0,512.0,0.000156167998312963,0.0,32,Huber,ReLU,Adam,6.036299705505371,7.509941101074219,0.34627994894981384
Combined_30M,trial_85,2.0,512.0,0.0001411411514096914,0.0,16,Huber,ReLU,Adam,5.861786365509033,7.4154253005981445,0.335299015045166
Combined_30M,trial_3,1.0,256.0,0.0001393341741761718,1.0,64,MSE,tanh,Adam,22.916391372680664,23.603530883789062,-5.3383917808532715
Combined_30M,trial_82,2.0,512.0,0.00014226930186220398,0.0,16,Huber,ReLU,Adam,5.926194667816162,7.403067588806152,0.3425588011741638
Combined_30M,trial_4,2.0,128.0,1.498256369342183e-05,1.0,128,Huber,ReLU,Adam,20.840694427490234,22.51329231262207,-4.766379356384277
Combined_30M,trial_32,2.0,256.0,0.00021215392389980944,0.0,32,Huber,ReLU,Adam,6.066433906555176,7.692090034484863,0.314363032579422
Combined_30M,trial_68,2.0,512.0,0.000279047294940626,0.0,32,Huber,ReLU,Adam,5.957345485687256,7.533592700958252,0.3444841504096985
Combined_30M,trial_61,2.0,512.0,0.00017263436577689512,0.0,32,Huber,ReLU,Adam,6.055196762084961,7.591650485992432,0.33169516921043396
Combined_30M,trial_59,2.0,512.0,0.00020088477116701016,0.0,32,MAE,ReLU,Adam,5.844925880432129,7.358192443847656,0.3701362609863281
Combined_30M,trial_92,2.0,512.0,0.00013564767042429182,0.0,16,Huber,ReLU,Adam,5.884402275085449,7.337072849273682,0.3510897159576416
Combined_30M,trial_34,2.0,512.0,0.00011143375200323612,0.0,32,Huber,ReLU,Adam,5.886276721954346,7.388547420501709,0.36885866522789
Combined_30M,trial_33,2.0,512.0,0.00011152670749141179,0.0,32,Huber,ReLU,Adam,5.942349910736084,7.511838912963867,0.3451562523841858
Combined_30M,trial_58,2.0,512.0,0.0003116536851217446,1.0,16,Huber,ReLU,Adam,6.158901214599609,7.761405944824219,0.2724277377128601
Combined_30M,trial_93,2.0,512.0,9.687890794179387e-05,0.0,16,Huber,ReLU,Adam,5.736789703369141,7.142518997192383,0.37894511222839355
Combined_30M,trial_69,2.0,512.0,0.00017258998680783373,0.0,32,Huber,ReLU,Adam,5.95784330368042,7.493574619293213,0.3485393524169922
Combined_30M,trial_73,2.0,512.0,0.00021313515551900461,0.0,32,Huber,ReLU,Adam,6.021956443786621,7.539602279663086,0.34356600046157837
Combined_30M,trial_1,3.0,512.0,0.00010404803100144692,1.0,16,MSE,ReLU,Adam,5.959870338439941,7.417456150054932,0.333696186542511
Combined_30M,trial_80,2.0,512.0,0.0004912020940684124,0.0,64,Huber,ReLU,Adam,6.171855926513672,7.765196800231934,0.31399059295654297
Combined_30M,trial_6,2.0,128.0,0.0002655009501458865,1.0,16,MAE,tanh,Adam,16.017423629760742,18.143798828125,-2.8632137775421143
Combined_30M,trial_42,2.0,512.0,0.00024302230910066918,0.0,32,Huber,ReLU,Adam,5.874945163726807,7.46636962890625,0.3549484610557556
Combined_30M,trial_45,2.0,512.0,0.00015003247278021426,0.0,32,Huber,ReLU,Adam,6.044756889343262,7.558578968048096,0.3400684893131256
Combined_30M,trial_8,3.0,128.0,0.0008779398373978614,1.0,64,Huber,tanh,Adam,19.683666229248047,21.669235229492188,-4.342103958129883
Combined_30M,trial_11,3.0,256.0,0.0005829570233079114,0.0,32,Huber,sigmoid,Adam,5.643451690673828,7.520078659057617,0.35181334614753723
Combined_30M,trial_29,2.0,512.0,0.00010032856381561128,0.0,16,MAE,ReLU,Adam,5.80947732925415,7.320676803588867,0.3469754755496979
Combined_30M,trial_44,2.0,512.0,0.00015266898833722544,0.0,32,Huber,ReLU,Adam,5.993048667907715,7.512931823730469,0.34438401460647583
Combined_30M,trial_9,1.0,512.0,1.3210949253606116e-05,1.0,16,MAE,ReLU,Adam,7.000645160675049,8.929231643676758,0.03990092873573303
Combined_30M,trial_43,2.0,512.0,0.00017492023325423698,0.0,32,Huber,ReLU,Adam,5.915552616119385,7.370512962341309,0.3717387318611145
Combined_30M,trial_88,2.0,512.0,9.429747023221198e-05,0.0,16,Huber,ReLU,Adam,5.876640319824219,7.410036087036133,0.3383176624774933
Combined_30M,trial_81,2.0,512.0,0.00020049667188028932,0.0,32,Huber,ReLU,Adam,6.078613758087158,7.593405723571777,0.33305874466896057
Combined_30M,trial_75,2.0,512.0,0.00021863878872951522,0.0,16,Huber,ReLU,Adam,5.834526062011719,7.455487251281738,0.33162304759025574
Combined_30M,trial_0,3.0,256.0,0.0002803803988284744,0.0,32,Huber,ReLU,Adam,6.069155216217041,7.623216152191162,0.32898661494255066
Combined_30M,trial_21,2.0,256.0,0.00016144271689003158,0.0,32,Huber,ReLU,Adam,6.077273368835449,7.740865707397461,0.3076954483985901
Combined_30M,trial_17,2.0,256.0,5.9749335141511724e-05,0.0,32,Huber,ReLU,Adam,6.327752590179443,7.89954137802124,0.2764472961425781
Combined_30M,trial_10,3.0,256.0,0.0006027496620592537,0.0,32,Huber,sigmoid,Adam,5.417734146118164,7.291616916656494,0.39057961106300354
Combined_15M,trial_65,2.0,512.0,0.00020492307419517716,1.0,32,Huber,ReLU,Adam,3.265690326690674,4.2806901931762695,0.8162050247192383
Combined_15M,trial_62,2.0,512.0,0.0001483911726658682,1.0,32,Huber,ReLU,Adam,3.296182155609131,4.27660608291626,0.8181958198547363
Combined_15M,trial_31,2.0,512.0,0.00029610991479233446,1.0,64,Huber,ReLU,Adam,3.3271260261535645,4.401203632354736,0.815208375453949
Combined_15M,trial_97,2.0,512.0,0.00021887162258766413,0.0,32,Huber,ReLU,Adam,3.3956832885742188,4.322413921356201,0.8130987286567688
Combined_15M,trial_64,2.0,512.0,0.00015245843703495375,1.0,32,Huber,ReLU,Adam,3.2264926433563232,4.194027423858643,0.8248634338378906
Combined_15M,trial_52,2.0,512.0,0.0001604453373038486,1.0,16,Huber,ReLU,Adam,3.1955137252807617,4.173903465270996,0.7972625494003296
Combined_15M,trial_30,2.0,512.0,0.0001833546372110272,1.0,16,MAE,ReLU,Adam,3.3699052333831787,4.372842788696289,0.7814875841140747
Combined_15M,trial_15,2.0,512.0,0.00012697223904333237,1.0,32,Huber,ReLU,Adam,3.3375625610351562,4.316243648529053,0.8132357001304626
Combined_15M,trial_23,2.0,512.0,0.00032789450322184046,1.0,64,Huber,ReLU,Adam,3.350588798522949,4.375314235687256,0.8177183866500854
Combined_15M,trial_83,2.0,512.0,0.00017790906145511004,1.0,32,Huber,ReLU,Adam,3.2979745864868164,4.307451248168945,0.8146934509277344
Combined_15M,trial_5,1.0,256.0,8.90914142028723e-05,0.0,32,Huber,ReLU,Adam,3.744603395462036,4.992854118347168,0.7515301704406738
Combined_15M,trial_48,1.0,512.0,0.0004815266753245099,1.0,32,Huber,ReLU,Adam,3.6018033027648926,4.73944616317749,0.7760932445526123
Combined_15M,trial_2,3.0,32.0,0.00024316015480504654,0.0,32,MAE,tanh,Adam,5.18308162689209,6.858894348144531,0.5163869261741638
Combined_15M,trial_46,2.0,512.0,0.0002069803676166537,0.0,32,Huber,ReLU,Adam,3.387650728225708,4.3592963218688965,0.8095108866691589
Combined_15M,trial_79,2.0,512.0,0.0001946590261314648,1.0,32,Huber,ReLU,Adam,3.277416944503784,4.232577800750732,0.8211674690246582
Combined_15M,trial_41,2.0,512.0,0.00029843788943298964,1.0,64,Huber,ReLU,Adam,3.3483688831329346,4.359583377838135,0.8183716535568237
Combined_15M,trial_22,2.0,512.0,0.00013470562405631305,1.0,64,Huber,ReLU,Adam,3.32588529586792,4.368772029876709,0.8175642490386963
Combined_15M,trial_14,1.0,256.0,5.905455045447055e-05,0.0,32,Huber,ReLU,Adam,3.800982713699341,4.98018741607666,0.7534210681915283
Combined_15M,trial_71,2.0,512.0,0.00026341197223523125,1.0,32,Huber,ReLU,Adam,3.4608099460601807,4.437619209289551,0.8038327097892761
Combined_15M,trial_3,3.0,256.0,0.00017818873073055836,0.0,32,MSE,sigmoid,Adam,3.8472907543182373,4.788981914520264,0.7692906856536865
Combined_15M,trial_82,2.0,512.0,0.0002460723288943255,1.0,32,Huber,ReLU,Adam,3.4776859283447266,4.461334705352783,0.7998927235603333
Combined_15M,trial_4,3.0,128.0,1.8368856534747694e-05,1.0,128,MAE,sigmoid,Adam,23.6864013671875,25.81875228881836,-5.292223930358887
Combined_15M,trial_32,2.0,512.0,0.00046482967446136744,1.0,64,Huber,ReLU,Adam,3.3458542823791504,4.361651420593262,0.8185420036315918
Combined_15M,trial_61,2.0,512.0,0.00015582017321111874,1.0,32,Huber,ReLU,Adam,3.3307666778564453,4.326262950897217,0.8135828375816345
Combined_15M,trial_66,2.0,512.0,0.0002031974695456385,1.0,32,Huber,ReLU,Adam,3.2228055000305176,4.162501335144043,0.8264870047569275
Combined_15M,trial_33,2.0,512.0,0.00023486313870680923,1.0,64,Huber,ReLU,Adam,3.3329713344573975,4.376307487487793,0.8175156116485596
Combined_15M,trial_58,2.0,512.0,0.00015314743388701712,1.0,32,Huber,ReLU,Adam,3.2385196685791016,4.267098426818848,0.8184292912483215
Combined_15M,trial_69,2.0,256.0,0.0003477275421738775,1.0,32,Huber,ReLU,Adam,3.5013680458068848,4.545228958129883,0.7946393489837646
Combined_15M,trial_51,2.0,512.0,0.00021646043112359944,1.0,64,Huber,ReLU,Adam,3.457824945449829,4.493259429931641,0.8071350455284119
Combined_15M,trial_1,2.0,512.0,3.318896620440595e-05,1.0,32,Huber,ReLU,Adam,3.272793769836426,4.276158332824707,0.81767338514328
Combined_15M,trial_74,2.0,512.0,0.00017594498580727068,1.0,32,Huber,ReLU,Adam,3.322467565536499,4.31321382522583,0.8135008215904236
Combined_15M,trial_42,2.0,512.0,0.000171791919350071,1.0,64,Huber,ReLU,Adam,3.3624236583709717,4.416713237762451,0.813708484172821
Combined_15M,trial_16,2.0,512.0,0.0006674423591482337,1.0,16,Huber,ReLU,Adam,3.6631388664245605,4.5154876708984375,0.7625806927680969
Combined_15M,trial_18,2.0,512.0,0.0003709932629864089,1.0,128,MAE,ReLU,Adam,3.5890884399414062,4.6256103515625,0.7977476119995117
Combined_15M,trial_44,2.0,512.0,0.00020659900382428555,1.0,32,Huber,ReLU,Adam,3.3002610206604004,4.267686367034912,0.8193075060844421
Combined_15M,trial_81,2.0,512.0,0.0002007917331202928,1.0,32,Huber,ReLU,Adam,3.2710132598876953,4.254514217376709,0.8174389004707336
Combined_15M,trial_0,3.0,32.0,0.00023047361447571285,0.0,16,MAE,ReLU,Adam,3.6535134315490723,4.619491100311279,0.7473083138465881
Combined_15M,trial_21,2.0,512.0,0.00012559741520697205,1.0,64,Huber,ReLU,Adam,3.335160255432129,4.393034934997559,0.8157582879066467
Combined_15M,trial_17,2.0,512.0,0.00013092180671508605,1.0,128,Huber,ReLU,Adam,3.2379565238952637,4.226260185241699,0.8310464024543762
Combined_33M,trial_54,2.0,512.0,0.0008275159433348703,0.0,16,Huber,sigmoid,Adam,5.9749627113342285,7.949481010437012,0.4549452066421509
Combined_33M,trial_53,2.0,512.0,0.0008693372952501388,0.0,16,Huber,sigmoid,Adam,5.691237926483154,7.680509567260742,0.47025901079177856
Combined_33M,trial_62,2.0,512.0,0.0008701209974764781,0.0,16,Huber,sigmoid,Adam,5.591921329498291,7.108599662780762,0.5657691955566406
Combined_33M,trial_31,2.0,512.0,0.0007154053279627673,0.0,16,Huber,sigmoid,Adam,5.257686614990234,6.841083526611328,0.6016536951065063
Combined_33M,trial_63,2.0,512.0,0.0006104319946036716,0.0,16,Huber,sigmoid,Adam,5.56148624420166,7.059020519256592,0.5692814588546753
Combined_33M,trial_64,2.0,512.0,0.0005767411074028183,0.0,16,Huber,sigmoid,Adam,5.327470779418945,6.785207748413086,0.6061309576034546
Combined_33M,trial_30,2.0,512.0,0.00021498270330521768,0.0,32,Huber,ReLU,Adam,6.0575151443481445,8.013561248779297,0.5024332404136658
Combined_33M,trial_12,1.0,512.0,0.0009444853803981968,1.0,16,MAE,sigmoid,Adam,4.586953639984131,5.631463527679443,0.7040235996246338
Combined_33M,trial_23,2.0,512.0,0.0006265707939164625,0.0,16,Huber,sigmoid,Adam,5.192856311798096,6.681126594543457,0.6117540001869202
Combined_33M,trial_2,2.0,64.0,0.0007872101560325178,1.0,16,MAE,sigmoid,Adam,8.628106117248535,11.010766983032227,-0.017285270616412163
Combined_33M,trial_41,2.0,512.0,0.0004863429142096992,0.0,16,Huber,sigmoid,Adam,5.630090236663818,7.114789962768555,0.5639569163322449
Combined_33M,trial_13,1.0,512.0,0.0003947403604791366,1.0,16,MAE,sigmoid,Adam,6.288393497467041,7.81540060043335,0.4190673828125
Combined_33M,trial_3,1.0,128.0,0.0001907823201415495,1.0,64,MSE,tanh,Adam,20.953115463256836,22.48389434814453,-2.9169070720672607
Combined_33M,trial_82,2.0,512.0,0.0007787227141622008,0.0,16,Huber,sigmoid,Adam,5.871159553527832,7.87594747543335,0.467855304479599
Combined_33M,trial_76,2.0,512.0,0.0007219909008641018,0.0,16,Huber,sigmoid,Adam,5.967576503753662,8.038707733154297,0.44553351402282715
Combined_33M,trial_4,3.0,64.0,3.842607349628263e-05,0.0,32,MSE,ReLU,Adam,7.332414627075195,9.619383811950684,0.2830403447151184
Combined_33M,trial_32,2.0,512.0,0.0004872062395599002,0.0,16,Huber,sigmoid,Adam,5.5926055908203125,7.358293056488037,0.551683247089386
Combined_33M,trial_50,2.0,512.0,0.000282361535054668,0.0,16,Huber,ReLU,Adam,6.053703784942627,8.117768287658691,0.25737521052360535
Combined_33M,trial_61,2.0,512.0,0.0006013982951893004,0.0,16,Huber,sigmoid,Adam,5.343660831451416,6.957462310791016,0.5854828357696533
Combined_33M,trial_33,2.0,512.0,0.0006813035092640862,0.0,16,Huber,sigmoid,Adam,6.236211776733398,8.253823280334473,0.411531537771225
Combined_33M,trial_51,2.0,512.0,0.0005049029991220793,0.0,16,Huber,sigmoid,Adam,5.489655017852783,6.879385948181152,0.6007223725318909
Combined_33M,trial_1,3.0,128.0,0.00010012741681499052,0.0,64,MAE,tanh,Adam,20.468244552612305,22.7165584564209,-2.9983904361724854
Combined_33M,trial_42,2.0,512.0,0.0004629433004440266,0.0,16,Huber,sigmoid,Adam,5.6368255615234375,7.006929397583008,0.582909345626831
Combined_33M,trial_45,2.0,512.0,0.0005458738866385913,0.0,16,Huber,ReLU,Adam,5.99412727355957,7.744203090667725,0.28998392820358276
Combined_33M,trial_11,1.0,512.0,0.000548179897285956,1.0,16,MAE,sigmoid,Adam,7.144768238067627,8.763351440429688,0.3292354941368103
Combined_33M,trial_29,2.0,512.0,0.0007835702588914208,0.0,16,Huber,sigmoid,Adam,5.622894763946533,7.435547351837158,0.5412303805351257
Combined_33M,trial_18,2.0,512.0,0.0006298552085492038,0.0,16,Huber,sigmoid,Adam,5.355869293212891,6.993464469909668,0.5727066993713379
Combined_33M,trial_43,2.0,512.0,0.0007961897457485856,0.0,16,Huber,sigmoid,Adam,5.568019866943359,7.191346645355225,0.5482558608055115
Combined_33M,trial_81,2.0,512.0,0.0006562025170312042,0.0,16,Huber,sigmoid,Adam,5.198494911193848,6.62579345703125,0.6103544235229492
Combined_33M,trial_7,2.0,128.0,0.00014984897664055262,1.0,64,MAE,ReLU,Adam,7.859388828277588,10.466670989990234,0.15117663145065308
Combined_33M,trial_0,2.0,512.0,6.08895282040989e-05,1.0,16,MAE,ReLU,Adam,6.079166412353516,8.06765365600586,0.19037826359272003
Combined_33M,trial_19,2.0,512.0,0.00026559830648377524,0.0,16,Huber,sigmoid,Adam,5.672404766082764,7.026925086975098,0.585010290145874
Combined_33M,trial_21,2.0,512.0,0.0006057347567564538,0.0,16,Huber,sigmoid,Adam,5.288846492767334,6.81033182144165,0.5944409370422363
Combined_33M,trial_17,2.0,512.0,0.0005502132776639853,1.0,16,MAE,sigmoid,Adam,5.852512359619141,7.964136123657227,0.47422802448272705
Combined_27M,trial_53,2.0,256.0,0.00047865932076634446,0.0,32,Huber,ReLU,Adam,6.4599504470825195,8.294000625610352,0.15333425998687744
Combined_27M,trial_65,2.0,512.0,0.00040352799137402626,0.0,32,Huber,ReLU,Adam,6.113532543182373,7.855183124542236,0.2396337389945984
Combined_27M,trial_62,2.0,512.0,0.0009620776067103505,0.0,16,Huber,ReLU,Adam,6.083578109741211,7.808175086975098,0.17864705622196198
Combined_27M,trial_36,2.0,512.0,0.0007973790006516377,0.0,16,Huber,ReLU,Adam,5.982152938842773,7.710876941680908,0.19325585663318634
Combined_27M,trial_31,3.0,256.0,0.00021770533201307383,0.0,32,Huber,ReLU,Adam,6.212853908538818,8.006757736206055,0.21022844314575195
Combined_27M,trial_63,2.0,512.0,0.0006119300604810222,0.0,16,Huber,ReLU,Adam,6.363598823547363,7.8882527351379395,0.1514555960893631
Combined_27M,trial_97,2.0,512.0,0.0005811821935052355,0.0,32,Huber,ReLU,Adam,6.340709686279297,8.017390251159668,0.2053743302822113
Combined_27M,trial_90,2.0,512.0,0.0009741772365647685,0.0,32,Huber,ReLU,Adam,6.453195571899414,8.198665618896484,0.1643162965774536
Combined_27M,trial_64,2.0,512.0,0.0008537322083891289,0.0,16,Huber,ReLU,Adam,5.951564311981201,7.812620639801025,0.18969979882240295
Combined_27M,trial_52,2.0,256.0,0.0008013327908527837,0.0,32,Huber,ReLU,Adam,6.563361167907715,8.307371139526367,0.1473887413740158
Combined_27M,trial_12,1.0,128.0,3.492729499601239e-05,0.0,64,Huber,ReLU,Adam,8.25131607055664,10.766149520874023,-0.38814985752105713
Combined_27M,trial_24,3.0,256.0,0.0003270401343375547,0.0,32,Huber,ReLU,Adam,6.184614181518555,7.860977649688721,0.23418843746185303
Combined_27M,trial_23,3.0,256.0,0.0006409050372956801,0.0,32,Huber,ReLU,Adam,6.502600193023682,8.178558349609375,0.1782631278038025
Combined_27M,trial_48,2.0,256.0,0.0007929143981187252,0.0,32,Huber,ReLU,Adam,6.3821187019348145,7.992227554321289,0.20724226534366608
Combined_27M,trial_70,2.0,512.0,0.0005326049338225896,1.0,32,Huber,ReLU,Adam,6.122109413146973,7.88233757019043,0.2356570065021515
Combined_27M,trial_2,2.0,256.0,0.0002902576027232257,1.0,16,MSE,sigmoid,Adam,5.506281852722168,7.2562255859375,0.3073955476284027
Combined_27M,trial_79,2.0,512.0,0.0006914119803773327,1.0,32,Huber,ReLU,Adam,6.405062675476074,8.263065338134766,0.1606222689151764
Combined_27M,trial_41,2.0,512.0,0.0007518883540275992,0.0,16,Huber,ReLU,Adam,6.052476406097412,7.7431111335754395,0.18137194216251373
Combined_27M,trial_22,3.0,256.0,0.0005299032987858312,0.0,32,Huber,ReLU,Adam,6.177300930023193,8.046069145202637,0.20175111293792725
Combined_27M,trial_71,2.0,512.0,0.0006621066183724175,1.0,32,Huber,ReLU,Adam,5.775039196014404,7.657899379730225,0.277096152305603
Combined_27M,trial_85,2.0,512.0,0.0007395455272277646,0.0,32,Huber,ReLU,Adam,5.812909126281738,7.5664381980896,0.29166179895401
Combined_27M,trial_3,2.0,64.0,0.00021994433486412126,1.0,128,Huber,sigmoid,Adam,19.601001739501953,21.540390014648438,-4.556772708892822
Combined_27M,trial_4,2.0,512.0,1.0164473201879896e-05,0.0,16,MAE,sigmoid,Adam,11.195944786071777,13.640533447265625,-1.4321075677871704
Combined_27M,trial_32,3.0,256.0,0.000335017471408418,0.0,32,Huber,ReLU,Adam,6.120006084442139,7.742281436920166,0.2548487186431885
Combined_27M,trial_68,2.0,512.0,0.0005287083783763366,0.0,32,Huber,ReLU,Adam,5.936579704284668,7.558628559112549,0.2921254634857178
Combined_27M,trial_61,2.0,512.0,0.0007355105060163058,0.0,16,Huber,ReLU,Adam,6.15345573425293,7.850904941558838,0.1559176743030548
Combined_27M,trial_92,2.0,512.0,0.0007946661416362291,0.0,32,Huber,ReLU,Adam,6.131386756896973,7.836184024810791,0.230293869972229
Combined_27M,trial_34,2.0,256.0,0.0003535489106780352,0.0,32,Huber,ReLU,Adam,6.215478897094727,7.923206806182861,0.22130364179611206
Combined_27M,trial_33,3.0,256.0,0.00029093719098913625,0.0,32,Huber,ReLU,Adam,6.266533851623535,7.943880558013916,0.2176763117313385
Combined_27M,trial_93,2.0,512.0,0.0005056129745324198,0.0,32,Huber,ReLU,Adam,6.245285511016846,7.8479108810424805,0.22898346185684204
Combined_27M,trial_69,2.0,512.0,0.0005445104545582404,1.0,32,Huber,ReLU,Adam,6.2818403244018555,7.853460788726807,0.24080966413021088
Combined_27M,trial_51,2.0,256.0,0.0008015503968248176,0.0,32,Huber,ReLU,Adam,5.993743896484375,7.781520843505859,0.2543545365333557
Combined_27M,trial_87,2.0,512.0,0.0006325773897769655,1.0,32,Huber,ReLU,Adam,6.644414901733398,8.371726989746094,0.1330609768629074
Combined_27M,trial_73,2.0,512.0,0.000681334467669347,1.0,32,Huber,ReLU,Adam,6.541363716125488,8.226968765258789,0.1630849391222
Combined_27M,trial_1,2.0,128.0,4.349377927349339e-05,0.0,64,MAE,ReLU,Adam,6.480432033538818,8.633663177490234,0.1072995662689209
Combined_27M,trial_74,2.0,512.0,0.0005450157159734034,1.0,32,Huber,ReLU,Adam,6.258317470550537,7.861915111541748,0.22610986232757568
Combined_27M,trial_42,2.0,512.0,0.0007351953134317855,0.0,16,Huber,ReLU,Adam,6.235844135284424,8.12345027923584,0.11838796734809875
Combined_27M,trial_89,2.0,512.0,0.0008608398749141516,0.0,32,Huber,ReLU,Adam,6.493669509887695,8.204687118530273,0.17176112532615662
Combined_27M,trial_8,2.0,64.0,0.0001384991504017877,0.0,16,Huber,sigmoid,Adam,8.300823211669922,10.689245223999023,-0.5082691311836243
Combined_27M,trial_16,3.0,256.0,0.00013130360081466233,0.0,64,MAE,ReLU,Adam,6.3424201011657715,8.396986961364746,0.1555722951889038
Combined_27M,trial_20,3.0,256.0,0.0004816502089308286,0.0,32,Huber,ReLU,Adam,6.249835968017578,7.821160793304443,0.24505075812339783
Combined_27M,trial_18,3.0,256.0,0.0009369384451096506,1.0,32,Huber,ReLU,Adam,6.279059886932373,8.34335708618164,0.14352518320083618
Combined_27M,trial_27,2.0,512.0,0.00029757623697100664,0.0,32,Huber,ReLU,Adam,6.27572774887085,7.925546646118164,0.22347936034202576
Combined_27M,trial_44,2.0,512.0,0.0005800355989722335,0.0,16,Huber,ReLU,Adam,6.032576084136963,7.703216552734375,0.17950396239757538
Combined_27M,trial_9,3.0,256.0,0.000245276551099362,0.0,32,Huber,ReLU,Adam,6.2949442863464355,8.011685371398926,0.20867355167865753
Combined_27M,trial_43,2.0,512.0,0.0009869842947372027,0.0,16,Huber,ReLU,Adam,6.560275077819824,8.148172378540039,0.08658231049776077
Combined_27M,trial_88,2.0,512.0,0.0009676981055232557,0.0,32,Huber,ReLU,Adam,6.374144077301025,8.350076675415039,0.13849958777427673
Combined_27M,trial_81,2.0,512.0,0.0004443936700074058,0.0,32,Huber,ReLU,Adam,6.395323276519775,7.982179164886475,0.20930278301239014
Combined_27M,trial_72,2.0,512.0,0.0006410160194893393,1.0,32,Huber,ReLU,Adam,6.504374980926514,8.071549415588379,0.19733873009681702
Combined_27M,trial_86,2.0,512.0,0.000749569983212801,0.0,16,Huber,ReLU,Adam,6.123830795288086,7.6212358474731445,0.21191515028476715
Combined_27M,trial_0,1.0,64.0,0.00044964661518762713,0.0,16,Huber,tanh,Adam,18.130538940429688,22.880186080932617,-6.129807949066162
Combined_27M,trial_19,3.0,256.0,0.00020212486247978044,0.0,32,Huber,ReLU,Adam,6.282696723937988,8.030035018920898,0.2071867734193802
Combined_27M,trial_21,3.0,256.0,0.0005504316685479459,0.0,32,Huber,ReLU,Adam,6.542209625244141,8.319867134094238,0.1480238139629364
Combined_27M,trial_17,3.0,256.0,0.0001436880363076439,0.0,32,Huber,ReLU,Adam,6.291561126708984,8.062875747680664,0.19899290800094604
Combined_6M,trial_54,1.0,512.0,0.00023123066821551636,0.0,16,Huber,sigmoid,Adam,2.3508055210113525,3.1129417419433594,0.8707459568977356
Combined_6M,trial_91,1.0,512.0,0.00021489442737430463,0.0,16,Huber,sigmoid,Adam,2.4079761505126953,3.1978373527526855,0.8639324307441711
Combined_6M,trial_62,1.0,512.0,0.00017868788213801272,0.0,16,Huber,sigmoid,Adam,2.354156732559204,3.1232945919036865,0.8689692616462708
Combined_6M,trial_31,1.0,512.0,0.00015495861233483685,0.0,16,Huber,sigmoid,Adam,2.341440200805664,3.1304633617401123,0.8680188655853271
Combined_6M,trial_63,1.0,512.0,0.00023211967753129117,0.0,16,Huber,sigmoid,Adam,2.3548529148101807,3.1260366439819336,0.8688116073608398
Combined_6M,trial_64,1.0,512.0,0.00017952077020424046,0.0,16,Huber,sigmoid,Adam,2.3650870323181152,3.171022653579712,0.8655064105987549
Combined_6M,trial_52,1.0,512.0,0.00017910031328527326,0.0,16,Huber,sigmoid,Adam,2.353626012802124,3.131314277648926,0.8681243062019348
Combined_6M,trial_55,1.0,512.0,0.000255448563465629,0.0,16,Huber,sigmoid,Adam,2.37859845161438,3.1671924591064453,0.8655595183372498
Combined_6M,trial_12,1.0,512.0,0.0007910799341040999,0.0,16,Huber,sigmoid,Adam,2.4544851779937744,3.214191436767578,0.8647063374519348
Combined_6M,trial_24,1.0,512.0,0.00015640241910362213,0.0,16,Huber,sigmoid,Adam,2.3588294982910156,3.1395373344421387,0.867447018623352
Combined_6M,trial_23,1.0,512.0,0.0001765916814514816,0.0,16,Huber,sigmoid,Adam,2.3482091426849365,3.1482229232788086,0.8671340942382812
Combined_6M,trial_2,1.0,32.0,6.0489036541182355e-05,1.0,16,MAE,ReLU,Adam,3.0936925411224365,4.111135959625244,0.7692278623580933
Combined_6M,trial_41,1.0,512.0,0.0001482625057972304,0.0,16,Huber,sigmoid,Adam,2.334160089492798,3.1286184787750244,0.8681641221046448
Combined_6M,trial_13,2.0,512.0,0.000184856370502201,0.0,16,Huber,tanh,Adam,2.6516776084899902,3.5865516662597656,0.8278934359550476
Combined_6M,trial_14,1.0,512.0,0.0001494670100865815,0.0,16,Huber,sigmoid,Adam,2.3616275787353516,3.14467191696167,0.8681045174598694
Combined_6M,trial_71,1.0,512.0,0.000308791937939579,0.0,16,Huber,sigmoid,Adam,2.3731749057769775,3.1372671127319336,0.8682085871696472
Combined_6M,trial_3,2.0,256.0,0.0002975412634353956,1.0,32,MSE,tanh,Adam,2.6632344722747803,3.6787197589874268,0.8455361127853394
Combined_6M,trial_82,1.0,512.0,0.00022967953606133106,0.0,16,Huber,sigmoid,Adam,2.370567560195923,3.1768205165863037,0.8646095991134644
Combined_6M,trial_4,1.0,64.0,0.000938661519504561,1.0,32,Huber,sigmoid,Adam,2.648282289505005,3.569478988647461,0.8557507395744324
Combined_6M,trial_33,1.0,512.0,0.00038600489428839514,0.0,16,Huber,sigmoid,Adam,2.3934326171875,3.180351972579956,0.8653428554534912
Combined_6M,trial_1,2.0,512.0,0.0006173001506125456,0.0,128,Huber,tanh,Adam,2.7092113494873047,3.7045042514801025,0.8526826500892639
Combined_6M,trial_74,1.0,512.0,0.00020253591824871697,0.0,16,Huber,sigmoid,Adam,2.351738691329956,3.114560604095459,0.870171070098877
Combined_6M,trial_11,2.0,512.0,0.00042820044413577265,0.0,128,Huber,tanh,Adam,2.7575244903564453,3.785890579223633,0.8450533151626587
Combined_6M,trial_43,1.0,512.0,0.0002012118791308222,0.0,16,Huber,sigmoid,Adam,2.3947389125823975,3.158162832260132,0.8677141070365906
Combined_6M,trial_81,1.0,512.0,0.000268615264714168,0.0,16,Huber,sigmoid,Adam,2.3923511505126953,3.187577962875366,0.8641948699951172
Combined_6M,trial_7,3.0,128.0,0.0005727904883252922,1.0,64,Huber,ReLU,Adam,2.688838005065918,3.6471052169799805,0.8524734377861023
Combined_6M,trial_0,1.0,32.0,2.2312120600803194e-05,1.0,64,MAE,ReLU,Adam,4.993594646453857,6.774686336517334,0.4806608259677887
Combined_6M,trial_21,1.0,512.0,0.00012738310270768387,0.0,16,Huber,sigmoid,Adam,2.312535285949707,3.096125602722168,0.8709191679954529
Combined_6M,trial_17,1.0,512.0,0.00025570678733042516,0.0,16,Huber,sigmoid,Adam,2.363215923309326,3.1472105979919434,0.8680530786514282
Combined_24M,trial_54,3.0,512.0,0.00022356026254238153,0.0,16,Huber,ReLU,Adam,3.9674158096313477,4.951138019561768,0.5870630145072937
Combined_24M,trial_98,3.0,512.0,0.00017883159409669874,0.0,16,Huber,ReLU,Adam,4.10323429107666,5.180830955505371,0.5601597428321838
Combined_24M,trial_53,3.0,512.0,0.00018355351585236352,0.0,16,Huber,ReLU,Adam,4.124100208282471,4.900518894195557,0.6016411185264587
Combined_24M,trial_91,3.0,512.0,0.0001641674784439882,0.0,16,Huber,ReLU,Adam,4.095200538635254,5.12304162979126,0.5694758296012878
Combined_24M,trial_62,3.0,512.0,0.00035396154318774616,0.0,16,Huber,ReLU,Adam,4.0484700202941895,4.998166561126709,0.6005443334579468
Combined_24M,trial_31,2.0,512.0,3.555662192453577e-05,0.0,16,Huber,ReLU,Adam,4.271568775177002,5.272244453430176,0.5281655788421631
Combined_24M,trial_63,3.0,512.0,0.00018687986412182372,0.0,16,Huber,ReLU,Adam,4.034188270568848,5.008202075958252,0.5915677547454834
Combined_24M,trial_64,3.0,512.0,0.0004671869056868527,0.0,16,Huber,ReLU,Adam,4.221680641174316,5.172318935394287,0.5503116846084595
Combined_24M,trial_52,3.0,512.0,0.00010104033135935661,0.0,16,Huber,ReLU,Adam,3.8427624702453613,4.721536636352539,0.6237968802452087
Combined_24M,trial_39,2.0,128.0,0.00025028044156581047,0.0,16,Huber,ReLU,Adam,4.823009490966797,5.854434967041016,0.41764137148857117
Combined_24M,trial_15,3.0,512.0,0.00019633298383503277,0.0,64,Huber,sigmoid,Adam,5.031663417816162,6.702497482299805,0.43861350417137146
Combined_24M,trial_12,3.0,512.0,7.503861507727948e-05,0.0,16,Huber,sigmoid,Adam,4.724984645843506,6.145339012145996,0.48990577459335327
Combined_24M,trial_24,2.0,512.0,3.366096487073473e-05,0.0,16,Huber,ReLU,Adam,4.08668851852417,4.994080543518066,0.5913265347480774
Combined_24M,trial_23,2.0,512.0,0.00029399292089215905,0.0,16,Huber,ReLU,Adam,4.295808792114258,5.359247207641602,0.5221171379089355
Combined_24M,trial_83,3.0,512.0,0.00013991370501478182,0.0,16,Huber,ReLU,Adam,3.92586088180542,4.822278022766113,0.6315836310386658
Combined_24M,trial_5,2.0,64.0,2.831387008407846e-05,1.0,32,Huber,sigmoid,Adam,21.821313858032227,23.632341384887695,-6.290261745452881
Combined_24M,trial_48,2.0,512.0,7.932201941008019e-05,0.0,16,Huber,ReLU,Adam,4.107875823974609,5.045114994049072,0.5735079050064087
Combined_24M,trial_2,2.0,256.0,0.00046934536356619074,0.0,128,MAE,tanh,Adam,21.839754104614258,23.59215545654297,-5.606544017791748
Combined_24M,trial_79,3.0,512.0,0.0006022984116961406,0.0,16,Huber,ReLU,Adam,4.531952857971191,5.348181247711182,0.5344752669334412
Combined_24M,trial_41,3.0,512.0,0.0001449385803710716,0.0,16,Huber,ReLU,Adam,4.226321220397949,5.300657272338867,0.5374636054039001
Combined_24M,trial_22,3.0,512.0,0.000156192314502023,0.0,16,Huber,ReLU,Adam,4.042586803436279,4.86610221862793,0.6096386313438416
Combined_24M,trial_25,3.0,512.0,3.3935217234966485e-05,0.0,16,Huber,ReLU,Adam,3.7421045303344727,4.688361644744873,0.6262913942337036
Combined_24M,trial_13,3.0,512.0,5.609945462488537e-05,0.0,16,Huber,sigmoid,Adam,4.6009674072265625,5.73665189743042,0.5360031723976135
Combined_24M,trial_71,3.0,512.0,0.00014539952084284706,0.0,16,Huber,ReLU,Adam,3.8619372844696045,4.81907320022583,0.6201090812683105
Combined_24M,trial_3,3.0,256.0,1.880596415613639e-05,0.0,32,MSE,tanh,Adam,18.37556266784668,20.009864807128906,-4.234405040740967
Combined_24M,trial_4,1.0,32.0,0.0004055646271422879,1.0,128,MSE,tanh,Adam,21.70667266845703,22.957401275634766,-5.255822658538818
Combined_24M,trial_32,2.0,512.0,0.00012994071460666076,0.0,16,Huber,ReLU,Adam,4.348447322845459,5.3199005126953125,0.5354556441307068
Combined_24M,trial_50,2.0,32.0,0.0008248855022559278,1.0,16,Huber,ReLU,Adam,4.682651996612549,5.829591751098633,0.3754187524318695
Combined_24M,trial_61,3.0,512.0,0.00021267581635135309,0.0,16,Huber,ReLU,Adam,3.67197585105896,4.602380752563477,0.6539486646652222
Combined_24M,trial_59,2.0,512.0,0.00011069690945131326,0.0,16,Huber,ReLU,Adam,4.202971935272217,5.199619293212891,0.5405840873718262
Combined_24M,trial_66,3.0,512.0,0.00023018848505108256,1.0,16,Huber,ReLU,Adam,4.450741767883301,5.418210029602051,0.5185827612876892
Combined_24M,trial_92,3.0,512.0,0.00013304578378423466,0.0,16,Huber,ReLU,Adam,4.15192985534668,5.095711708068848,0.5415327548980713
Combined_24M,trial_33,3.0,512.0,0.0002827735195048741,0.0,16,Huber,ReLU,Adam,4.296615123748779,5.210607528686523,0.5689884424209595
Combined_24M,trial_93,3.0,512.0,0.00011976787617697396,0.0,16,Huber,ReLU,Adam,3.9571774005889893,4.882423400878906,0.6197286248207092
Combined_24M,trial_51,3.0,512.0,0.0001109261492175836,0.0,16,Huber,ReLU,Adam,3.812875509262085,4.684858322143555,0.6347179412841797
Combined_24M,trial_87,3.0,512.0,0.000264909129392742,0.0,16,Huber,ReLU,Adam,4.181213855743408,5.127413749694824,0.5817206501960754
Combined_24M,trial_73,3.0,512.0,0.00020393332436466032,0.0,16,Huber,ReLU,Adam,4.0545878410339355,5.031711101531982,0.5837898254394531
Combined_24M,trial_1,1.0,32.0,0.0007606207182075486,0.0,32,MSE,sigmoid,Adam,5.185311317443848,6.406435012817383,0.4296818971633911
Combined_24M,trial_74,3.0,512.0,0.00016890662657483924,0.0,16,Huber,ReLU,Adam,3.983199119567871,4.937725067138672,0.6052792072296143
Combined_24M,trial_6,1.0,32.0,8.835765551179768e-05,1.0,16,MAE,tanh,Adam,18.09306526184082,20.06209945678711,-4.547340393066406
Combined_24M,trial_42,3.0,512.0,0.00011309810098910978,0.0,16,Huber,ReLU,Adam,4.037357807159424,5.026243209838867,0.5697071552276611
Combined_24M,trial_11,3.0,512.0,9.227220484640216e-05,0.0,16,Huber,sigmoid,Adam,4.711337566375732,6.020159721374512,0.512349009513855
Combined_24M,trial_16,3.0,512.0,1.0471519093628806e-05,0.0,16,Huber,ReLU,Adam,3.84100341796875,4.659822940826416,0.6348427534103394
Combined_24M,trial_27,3.0,512.0,0.00013487294227160654,0.0,16,Huber,ReLU,Adam,4.011662006378174,4.920171737670898,0.5913966298103333
Combined_24M,trial_44,3.0,512.0,7.940693320667798e-05,0.0,16,Huber,ReLU,Adam,3.706766366958618,4.62186861038208,0.6392132043838501
Combined_24M,trial_9,1.0,32.0,0.0007489817244139841,0.0,16,MAE,sigmoid,Adam,3.6471846103668213,4.761219024658203,0.6511576771736145
Combined_24M,trial_43,3.0,512.0,0.00036534044814529737,0.0,16,Huber,ReLU,Adam,4.381656646728516,5.529539585113525,0.4747719168663025
Combined_24M,trial_88,3.0,512.0,0.0003247440495495174,0.0,16,Huber,ReLU,Adam,4.210813045501709,5.211465358734131,0.5579268336296082
Combined_24M,trial_7,1.0,64.0,1.759169291509684e-05,0.0,64,MAE,ReLU,Adam,14.145228385925293,15.328349113464355,-2.158019542694092
Combined_24M,trial_72,3.0,512.0,0.0002183145083503244,0.0,16,Huber,ReLU,Adam,4.08333158493042,5.011355400085449,0.5846446752548218
Combined_24M,trial_0,2.0,64.0,2.8476236478150494e-05,1.0,32,MSE,ReLU,Adam,5.646791934967041,6.773232936859131,0.19707219302654266
Combined_24M,trial_21,3.0,512.0,0.00016715409496477216,0.0,16,Huber,ReLU,Adam,4.032072067260742,5.055990219116211,0.576915979385376
Combined_24M,trial_17,2.0,512.0,1.1766949415381562e-05,0.0,16,Huber,ReLU,Adam,4.209085464477539,5.30552864074707,0.530587911605835
Combined_24M,trial_10,3.0,512.0,9.439764418632035e-05,0.0,16,Huber,sigmoid,Adam,4.487284183502197,5.559497833251953,0.5615932941436768
Combined_36M,trial_54,2.0,512.0,0.0006200410550070102,0.0,32,Huber,ReLU,Adam,5.996555328369141,7.134731769561768,0.4291279911994934
Combined_36M,trial_53,2.0,512.0,0.0009760432216870664,1.0,32,Huber,ReLU,Adam,4.945064067840576,6.780325889587402,0.4844335615634918
Combined_36M,trial_65,2.0,512.0,0.0008058772223504543,1.0,32,Huber,ReLU,Adam,5.213041305541992,7.177000999450684,0.42234379053115845
Combined_36M,trial_91,2.0,512.0,0.0009018618088291934,1.0,32,Huber,ReLU,Adam,4.977070331573486,6.779599189758301,0.48454412817955017
Combined_36M,trial_62,2.0,512.0,0.000989521147889355,1.0,32,Huber,ReLU,Adam,4.951961517333984,6.373800277709961,0.5444035530090332
Combined_36M,trial_31,2.0,512.0,0.00039012720950965256,0.0,32,Huber,ReLU,Adam,5.2445831298828125,6.647093772888184,0.5044962167739868
Combined_36M,trial_63,2.0,512.0,0.0008170460469099622,1.0,32,Huber,ReLU,Adam,4.756744384765625,6.777945518493652,0.48479557037353516
Combined_36M,trial_64,2.0,512.0,0.0008407932426254737,1.0,32,Huber,ReLU,Adam,5.410920143127441,7.0713419914245605,0.43922698497772217
Combined_36M,trial_52,2.0,512.0,0.0005930777923967345,0.0,32,Huber,ReLU,Adam,5.546388149261475,7.2976179122924805,0.4027644395828247
Combined_36M,trial_15,2.0,512.0,8.231345416905991e-05,0.0,128,Huber,ReLU,Adam,6.377066612243652,8.06594467163086,0.27038466930389404
Combined_36M,trial_24,2.0,512.0,0.00010081780445433487,0.0,32,Huber,ReLU,Adam,5.752092361450195,7.370680332183838,0.39074575901031494
Combined_36M,trial_23,2.0,512.0,0.0004117266794988454,0.0,32,Huber,ReLU,Adam,5.394134521484375,6.511471748352051,0.5245095491409302
Combined_36M,trial_84,2.0,512.0,0.0007927126226256943,1.0,32,Huber,ReLU,Adam,5.293109893798828,7.07692289352417,0.43834149837493896
Combined_36M,trial_2,2.0,32.0,4.4387859095292884e-05,1.0,16,MSE,sigmoid,Adam,17.354698181152344,19.784425735473633,-3.170318603515625
Combined_36M,trial_41,2.0,512.0,0.0005250295684381527,0.0,32,Huber,ReLU,Adam,5.435665130615234,6.480445384979248,0.5290300846099854
Combined_36M,trial_22,2.0,512.0,0.0004657910072100102,0.0,32,Huber,ReLU,Adam,5.577183246612549,6.833475112915039,0.47631919384002686
Combined_36M,trial_25,1.0,128.0,0.0002242666670786022,0.0,32,Huber,ReLU,Adam,6.158499240875244,8.246269226074219,0.23739713430404663
Combined_36M,trial_71,2.0,512.0,0.0007960579321412579,1.0,32,Huber,ReLU,Adam,4.902184963226318,6.578997611999512,0.5145965218544006
Combined_36M,trial_85,2.0,512.0,0.0006343291930162871,1.0,32,Huber,ReLU,Adam,5.1989898681640625,6.987485885620117,0.4524480700492859
Combined_36M,trial_3,1.0,64.0,4.132201679679676e-05,1.0,16,MSE,ReLU,Adam,7.922048091888428,9.541040420532227,0.030129313468933105
Combined_36M,trial_82,2.0,512.0,0.0009978993858624958,1.0,32,Huber,ReLU,Adam,5.128649711608887,6.732198715209961,0.49172669649124146
Combined_36M,trial_76,2.0,512.0,0.0006543928806723248,1.0,32,Huber,ReLU,Adam,5.479852199554443,7.322739601135254,0.39864540100097656
Combined_36M,trial_4,2.0,128.0,2.6669479266438312e-05,0.0,16,Huber,ReLU,Adam,6.47922945022583,8.327790260314941,0.2611064314842224
Combined_36M,trial_32,2.0,512.0,0.0003125758886926899,0.0,32,Huber,ReLU,Adam,5.22310733795166,6.799261093139648,0.4815499782562256
Combined_36M,trial_50,1.0,512.0,0.0004850471806234014,1.0,32,Huber,ReLU,Adam,7.791337013244629,10.194838523864746,-0.16558551788330078
Combined_36M,trial_61,2.0,512.0,0.0009755807499068314,1.0,32,Huber,ReLU,Adam,5.102974891662598,6.534499645233154,0.521140456199646
Combined_36M,trial_94,2.0,512.0,0.0007581710574314394,1.0,32,Huber,ReLU,Adam,5.499822616577148,7.206178665161133,0.41763734817504883
Combined_36M,trial_69,2.0,512.0,0.0009911232364170582,1.0,32,Huber,ReLU,Adam,5.390273094177246,6.865241050720215,0.4714391231536865
Combined_36M,trial_51,2.0,512.0,0.0005386726174956554,0.0,32,Huber,ReLU,Adam,5.221036911010742,7.07817268371582,0.4381430745124817
Combined_36M,trial_73,2.0,512.0,0.0007955225704590884,1.0,32,Huber,ReLU,Adam,5.621608257293701,7.200564384460449,0.4185444116592407
Combined_36M,trial_1,3.0,128.0,5.810469786202164e-05,0.0,64,Huber,tanh,Adam,17.370601654052734,18.776199340820312,-2.9536550045013428
Combined_36M,trial_74,2.0,512.0,0.000915121512630044,1.0,32,Huber,ReLU,Adam,5.234293460845947,6.987459182739258,0.45245224237442017
Combined_36M,trial_42,2.0,512.0,0.0003796276988701711,0.0,32,Huber,ReLU,Adam,5.507587909698486,6.745826721191406,0.4896668791770935
Combined_36M,trial_45,2.0,512.0,0.0007037285241676712,1.0,32,Huber,ReLU,Adam,5.429342269897461,7.106685638427734,0.4336073398590088
Combined_36M,trial_11,3.0,512.0,2.274365563387177e-05,0.0,128,Huber,ReLU,Adam,5.747540473937988,7.378066062927246,0.3895241618156433
Combined_36M,trial_18,2.0,512.0,0.0004124237855801119,0.0,32,Huber,ReLU,Adam,5.3714518547058105,7.229917049407959,0.41379421949386597
Combined_36M,trial_27,1.0,128.0,0.0006546825630253017,0.0,32,Huber,ReLU,Adam,8.283387184143066,10.745121002197266,-0.2948099374771118
Combined_36M,trial_81,2.0,512.0,0.0008817267539840296,1.0,32,Huber,ReLU,Adam,4.95414924621582,6.9870500564575195,0.4525163769721985
Combined_36M,trial_75,2.0,512.0,0.0009015282650816956,1.0,32,Huber,ReLU,Adam,5.382866859436035,6.910218238830566,0.4644908308982849
Combined_36M,trial_72,2.0,512.0,0.0008139872527387536,1.0,32,Huber,ReLU,Adam,5.332978248596191,7.198151588439941,0.41893404722213745
Combined_36M,trial_0,2.0,512.0,5.329432620261868e-05,1.0,128,Huber,tanh,Adam,17.164413452148438,18.352317810058594,-2.7771592140197754
Combined_36M,trial_19,2.0,256.0,0.000891104614782741,0.0,32,MAE,ReLU,Adam,5.165984153747559,7.029232978820801,0.4458857774734497
Combined_36M,trial_21,2.0,512.0,0.00037102952962203854,0.0,32,Huber,ReLU,Adam,5.456065654754639,6.7134690284729,0.4945509433746338
