dataset,trial,mae,rmse,r2
Combined_18M,50,2.6854817867279053,3.37481427192688,0.8813007473945618
Combined_18M,32,3.8088581562042236,4.578355312347412,0.7814320921897888
Combined_18M,35,5.1879706382751465,6.028732776641846,0.6196420192718506
Combined_18M,34,3.183812141418457,4.047985076904297,0.8298349976539612
Combined_18M,33,3.0446317195892334,3.7639217376708984,0.8526044487953186
Combined_18M,20,4.798539161682129,5.6181559562683105,0.6708043813705444
Combined_18M,18,4.411806106567383,5.302422523498535,0.7072722315788269
Combined_18M,27,3.2784554958343506,4.266291618347168,0.8113285303115845
Combined_18M,9,5.180833339691162,6.1673383712768555,0.604529619216919
Combined_18M,11,3.768993616104126,4.6941819190979,0.771979033946991
Combined_18M,7,7.722564220428467,8.875945091247559,0.1757657825946808
Combined_18M,29,2.8362107276916504,3.6097419261932373,0.8646000623703003
Combined_18M,16,4.466386318206787,5.3811869621276855,0.6987853646278381
Combined_18M,42,4.098631381988525,4.822904586791992,0.7568334341049194
Combined_18M,45,3.5670106410980225,4.260860443115234,0.8105058670043945
Combined_18M,6,5.7133684158325195,6.772161483764648,0.5238275527954102
Combined_18M,28,4.2176642417907715,4.975040912628174,0.7420899271965027
Combined_18M,17,3.89741849899292,4.878292560577393,0.7519104480743408
Combined_18M,1,4.889175891876221,5.8495306968688965,0.6462931632995605
Combined_18M,10,6.065964221954346,7.166196823120117,0.46297845244407654
Combined_18M,19,4.212713718414307,4.9798808097839355,0.7423207759857178
Combined_18M,26,3.782646894454956,4.797706604003906,0.7604901790618896
Combined_18M,8,4.567307472229004,5.450196743011475,0.6921341419219971
Combined_18M,21,6.141979694366455,7.264406681060791,0.44739851355552673
Combined_18M,44,3.61660099029541,4.375525951385498,0.8005638718605042
Combined_18M,43,2.6149563789367676,3.42197322845459,0.8784439563751221
Combined_18M,38,4.151937007904053,4.843874454498291,0.755361795425415
Combined_18M,36,2.7428131103515625,3.4533824920654297,0.8761051893234253
Combined_18M,31,2.770998477935791,3.4893925189971924,0.8738388419151306
Combined_18M,30,3.019655704498291,3.722193956375122,0.8559417724609375
Combined_18M,37,2.661379098892212,3.4162092208862305,0.8784695267677307
Combined_18M,39,2.708604335784912,3.434096574783325,0.8774364590644836
Combined_18M,46,2.590272903442383,3.360879898071289,0.8823422193527222
Combined_18M,41,2.6806960105895996,3.495957136154175,0.8732093572616577
Combined_18M,48,3.5454182624816895,4.247603893280029,0.8114305734634399
Combined_18M,24,4.591475486755371,5.359365463256836,0.7000317573547363
Combined_18M,23,3.3766465187072754,4.423383712768555,0.797504186630249
Combined_18M,4,3.8754708766937256,4.847731590270996,0.7585453391075134
Combined_18M,15,4.936349391937256,5.866474628448486,0.6412609219551086
Combined_18M,3,4.6117143630981445,5.563522815704346,0.680209219455719
Combined_18M,12,4.489987850189209,5.5429511070251465,0.6799349188804626
Combined_18M,49,3.8571109771728516,4.562719821929932,0.7818003296852112
Combined_18M,40,3.4415602684020996,4.167449474334717,0.8187048435211182
Combined_18M,47,2.552576780319214,3.2850053310394287,0.8873932957649231
Combined_18M,2,6.448153495788574,7.792545318603516,0.3688846230506897
Combined_18M,13,4.820001602172852,5.733362674713135,0.658077597618103
Combined_18M,5,6.992637634277344,8.11667251586914,0.3114173710346222
Combined_18M,14,4.208739757537842,5.293567180633545,0.710059404373169
Combined_18M,22,4.722589492797852,5.530420780181885,0.6809555888175964
Combined_18M,25,3.28611421585083,4.017446041107178,0.8322275876998901
Combined_12M,50,15.84648609161377,18.244592666625977,-2.896146297454834
Combined_12M,32,16.58796501159668,19.14390754699707,-3.2909162044525146
Combined_12M,35,8.749061584472656,10.14653491973877,-0.20290108025074005
Combined_12M,34,4.927676677703857,5.792922496795654,0.6109743118286133
Combined_12M,33,8.1350679397583,9.51330852508545,-0.05798020213842392
Combined_12M,20,2.4716529846191406,3.085209369659424,0.8905848264694214
Combined_12M,18,6.729575157165527,7.805962562561035,0.28977808356285095
Combined_12M,27,6.059762001037598,7.263754844665527,0.38344329595565796
Combined_12M,9,16.648866653442383,19.142555236816406,-3.2942521572113037
Combined_12M,11,3.021437406539917,3.917968273162842,0.8205161690711975
Combined_12M,7,15.990337371826172,18.423049926757812,-2.9671947956085205
Combined_12M,29,7.392834663391113,8.722442626953125,0.1111317127943039
Combined_12M,16,4.224061012268066,5.2252044677734375,0.6814500689506531
Combined_12M,42,3.513139247894287,4.220252513885498,0.7950557470321655
Combined_12M,45,6.176131725311279,7.217202186584473,0.3941870629787445
Combined_12M,6,4.151475429534912,5.200713157653809,0.6853616237640381
Combined_12M,28,6.716734409332275,7.926319122314453,0.2662709653377533
Combined_12M,17,6.471757411956787,7.526604175567627,0.3398261070251465
Combined_12M,1,9.232137680053711,10.908587455749512,-0.387418657541275
Combined_12M,10,17.677152633666992,20.373401641845703,-3.856313705444336
Combined_12M,19,10.948969841003418,12.73983383178711,-0.9008235931396484
Combined_12M,26,13.351962089538574,15.390732765197754,-1.7726577520370483
Combined_12M,8,13.537764549255371,15.665192604064941,-1.8776482343673706
Combined_12M,21,13.502281188964844,15.620992660522461,-1.857070803642273
Combined_12M,44,4.009373664855957,4.7628984451293945,0.7386152744293213
Combined_12M,43,19.62783432006836,22.6749267578125,-5.02584981918335
Combined_12M,38,3.0298550128936768,3.8908801078796387,0.822378933429718
Combined_12M,36,2.3532121181488037,3.139007329940796,0.8843851685523987
Combined_12M,31,3.0625813007354736,3.701054811477661,0.8426032662391663
Combined_12M,30,2.388704538345337,3.036402940750122,0.8930636644363403
Combined_12M,37,2.4614975452423096,3.0869171619415283,0.8903926610946655
Combined_12M,39,4.332304954528809,5.139581203460693,0.6950181722640991
Combined_12M,46,6.4109063148498535,7.621865749359131,0.320610910654068
Combined_12M,41,17.786209106445312,20.51468849182129,-3.9280002117156982
Combined_12M,48,6.693376064300537,7.929237365722656,0.26505401730537415
Combined_12M,24,5.1821513175964355,6.0729594230651855,0.5721573829650879
Combined_12M,23,6.355088710784912,7.436535835266113,0.35566338896751404
Combined_12M,4,2.9317750930786133,3.8839964866638184,0.8238882422447205
Combined_12M,15,7.392032623291016,8.72807502746582,0.11122334003448486
Combined_12M,3,5.29807186126709,6.233848571777344,0.5481688380241394
Combined_12M,12,3.742724657058716,4.4594011306762695,0.7704664468765259
Combined_12M,49,4.661867141723633,5.705141544342041,0.6194040179252625
Combined_12M,40,2.28518009185791,3.0003814697265625,0.89496910572052
Combined_12M,47,3.3909826278686523,4.036842346191406,0.8131018877029419
Combined_12M,2,7.014078617095947,8.409902572631836,0.17599312961101532
Combined_12M,13,4.13043737411499,4.914615631103516,0.7202239632606506
Combined_12M,5,5.13131856918335,6.044861316680908,0.5754719972610474
Combined_12M,14,2.5515005588531494,3.170941114425659,0.8840299248695374
Combined_12M,22,7.365842342376709,8.572206497192383,0.14239159226417542
Combined_12M,25,5.227168560028076,6.118513584136963,0.5662360787391663
Combined_21M,50,2.6400434970855713,3.465118408203125,0.8853165507316589
Combined_21M,32,2.803046941757202,3.724538803100586,0.8637285232543945
Combined_21M,35,2.79734206199646,3.608039617538452,0.873567521572113
Combined_21M,34,3.694800615310669,4.600809097290039,0.8065158724784851
Combined_21M,33,2.7556679248809814,3.6508853435516357,0.8699108958244324
Combined_21M,20,3.009592056274414,3.9288485050201416,0.8520556688308716
Combined_21M,18,3.468177318572998,4.505812168121338,0.8078031539916992
Combined_21M,27,2.8723084926605225,3.7722036838531494,0.8621785640716553
Combined_21M,9,4.4225077629089355,5.2830376625061035,0.7499520778656006
Combined_21M,11,3.9616589546203613,4.928093910217285,0.7782751321792603
Combined_21M,7,4.678330898284912,5.6017889976501465,0.7202001810073853
Combined_21M,29,2.9769606590270996,3.801603078842163,0.8642987012863159
Combined_21M,16,3.4130399227142334,4.382204532623291,0.820082426071167
Combined_21M,42,2.7191500663757324,3.515228509902954,0.8811965584754944
Combined_21M,45,2.6346850395202637,3.5640909671783447,0.874308168888092
Combined_21M,6,4.895055770874023,5.824456214904785,0.699665904045105
Combined_21M,28,2.971752643585205,4.108124256134033,0.8336495161056519
Combined_21M,17,3.6360912322998047,4.480882167816162,0.8167737126350403
Combined_21M,1,10.546858787536621,13.2949857711792,-0.5643961429595947
Combined_21M,10,4.0491838455200195,5.194787979125977,0.7503411173820496
Combined_21M,19,3.408889055252075,4.268994331359863,0.8323443531990051
Combined_21M,26,4.029898166656494,5.304886817932129,0.7259769439697266
Combined_21M,8,5.1350417137146,6.078538417816162,0.671514630317688
Combined_21M,21,4.583272457122803,5.60673189163208,0.7117012739181519
Combined_21M,44,2.655431032180786,3.591205596923828,0.8721683621406555
Combined_21M,43,2.659243106842041,3.5655996799468994,0.8746988773345947
Combined_21M,38,2.7188844680786133,3.544294834136963,0.8777828812599182
Combined_21M,36,2.7092366218566895,3.573202133178711,0.8748844265937805
Combined_21M,31,2.905519962310791,3.693840503692627,0.8711644411087036
Combined_21M,30,3.4193053245544434,4.261310577392578,0.8329858779907227
Combined_21M,37,2.7024292945861816,3.6426589488983154,0.8686798810958862
Combined_21M,39,2.731433153152466,3.52436900138855,0.8802530169487
Combined_21M,46,2.799595594406128,3.5877246856689453,0.8786087036132812
Combined_21M,41,2.736907482147217,3.5381760597229004,0.8801674246788025
Combined_21M,48,2.658097982406616,3.6783461570739746,0.8653120994567871
Combined_21M,24,2.918337106704712,3.7668750286102295,0.8646390438079834
Combined_21M,23,2.898195743560791,3.7868449687957764,0.8632092475891113
Combined_21M,4,5.428349494934082,6.925554275512695,0.5710060596466064
Combined_21M,15,3.971040964126587,5.344720840454102,0.7275680899620056
Combined_21M,3,5.664895534515381,7.187341690063477,0.5383301973342896
Combined_21M,12,4.340422630310059,5.200766563415527,0.7564252018928528
Combined_21M,49,2.7850770950317383,3.635688543319702,0.8757451772689819
Combined_21M,40,2.802699327468872,3.5691006183624268,0.8791375756263733
Combined_21M,47,2.741220474243164,3.780510663986206,0.8590848445892334
Combined_21M,2,6.178027629852295,7.669809341430664,0.4784862697124481
Combined_21M,13,4.0198869705200195,5.0825676918029785,0.7614763975143433
Combined_21M,5,5.862166404724121,7.3811774253845215,0.4975526034832001
Combined_21M,14,4.449389934539795,5.347989082336426,0.7419518232345581
Combined_21M,22,3.307424306869507,4.150935173034668,0.8411847949028015
Combined_21M,25,2.870303153991699,3.811363935470581,0.8600095510482788
Combined_3M,50,4.398721694946289,5.5025715827941895,0.6290531158447266
Combined_3M,32,9.629424095153809,11.342144966125488,-0.5680018663406372
Combined_3M,35,4.516106128692627,5.624382495880127,0.6125791668891907
Combined_3M,34,5.369164943695068,6.529273986816406,0.47898605465888977
Combined_3M,33,4.749607086181641,5.690084934234619,0.6051472425460815
Combined_3M,20,3.105991840362549,3.8750948905944824,0.8160942196846008
Combined_3M,18,2.849275827407837,3.625667095184326,0.8386309742927551
Combined_3M,27,6.628448486328125,7.857306957244873,0.2473277449607849
Combined_3M,9,2.6179275512695312,3.4281091690063477,0.855133056640625
Combined_3M,11,2.486663579940796,3.3424060344696045,0.8618898391723633
Combined_3M,7,5.119921684265137,6.266544342041016,0.5199471116065979
Combined_3M,29,4.287393093109131,5.16909646987915,0.6740243434906006
Combined_3M,16,6.045793056488037,7.186846733093262,0.3702470064163208
Combined_3M,42,2.4858696460723877,3.33182692527771,0.86286461353302
Combined_3M,45,2.937929391860962,3.708529233932495,0.8314109444618225
Combined_3M,6,3.553170919418335,4.348756790161133,0.7689216136932373
Combined_3M,28,3.7946393489837646,4.6115641593933105,0.740380048751831
Combined_3M,17,3.801724910736084,4.619302749633789,0.739521324634552
Combined_3M,1,3.5488507747650146,4.3479461669921875,0.7689679861068726
Combined_3M,10,5.0709381103515625,6.067535400390625,0.5510523319244385
Combined_3M,19,3.603663206100464,4.681595802307129,0.7305066585540771
Combined_3M,26,5.00619649887085,6.138951778411865,0.5390939116477966
Combined_3M,8,3.596179723739624,4.683035373687744,0.7304102182388306
Combined_3M,21,7.129584789276123,8.427003860473633,0.13426972925662994
Combined_3M,44,2.5208137035369873,3.5941014289855957,0.839788019657135
Combined_3M,43,2.714163303375244,3.7983946800231934,0.8214427828788757
Combined_3M,38,3.686565399169922,4.759835243225098,0.7214816808700562
Combined_3M,36,5.950741291046143,7.159950256347656,0.3740808069705963
Combined_3M,31,3.5051400661468506,4.579051494598389,0.7419946789741516
Combined_3M,30,2.5615007877349854,3.642319679260254,0.8355039358139038
Combined_3M,37,2.7986462116241455,3.888245105743408,0.8129782676696777
Combined_3M,39,3.853394031524658,4.932818412780762,0.7012174725532532
Combined_3M,46,7.477573394775391,8.83442497253418,0.0486343577504158
Combined_3M,41,4.0359320640563965,4.881181240081787,0.7092784643173218
Combined_3M,48,4.715847015380859,5.6483473777771,0.6109490990638733
Combined_3M,24,3.5651252269744873,4.643171787261963,0.7348978519439697
Combined_3M,23,3.561326026916504,4.639169216156006,0.7353540658950806
Combined_3M,4,2.668205499649048,3.46711802482605,0.8519031405448914
Combined_3M,15,2.9638209342956543,3.734266519546509,0.8290284276008606
Combined_3M,3,3.9550044536590576,4.796510219573975,0.7191373109817505
Combined_3M,12,3.442093849182129,4.524543285369873,0.7480858564376831
Combined_3M,49,4.202561855316162,5.064733982086182,0.6870898604393005
Combined_3M,40,4.439493179321289,5.546301364898682,0.6232089400291443
Combined_3M,47,2.456263780593872,3.5173678398132324,0.8464400172233582
Combined_3M,2,11.893229484558105,13.967766761779785,-1.3774666786193848
Combined_3M,13,8.20744800567627,9.650301933288574,-0.13497963547706604
Combined_3M,5,4.405834674835205,5.524290561676025,0.6262705326080322
Combined_3M,14,7.038667678833008,8.335550308227539,0.15296237170696259
Combined_3M,22,3.950099468231201,5.0363874435424805,0.6887312531471252
Combined_3M,25,3.483381509780884,4.267519474029541,0.7774420380592346
Combined_9M,50,3.234959125518799,3.838582754135132,0.8201746344566345
Combined_9M,32,2.479682207107544,3.1632120609283447,0.8738958835601807
Combined_9M,35,3.0938801765441895,4.055408000946045,0.7906243205070496
Combined_9M,34,2.663843870162964,3.315688371658325,0.8632643222808838
Combined_9M,33,2.364067792892456,3.0745158195495605,0.8794193267822266
Combined_9M,20,3.459573984146118,4.059214115142822,0.7999618649482727
Combined_9M,18,3.517878770828247,4.536096572875977,0.7406479120254517
Combined_9M,27,2.533396005630493,3.4060311317443848,0.8504781126976013
Combined_9M,9,2.5207996368408203,3.3826656341552734,0.8531487584114075
Combined_9M,11,2.6096572875976562,3.278395891189575,0.8657419681549072
Combined_9M,7,2.856093168258667,3.47564435005188,0.8513439297676086
Combined_9M,29,2.5882580280303955,3.4430758953094482,0.847632110118866
Combined_9M,16,2.4653496742248535,3.131599187850952,0.8762236833572388
Combined_9M,42,3.136263370513916,4.073791980743408,0.7887144088745117
Combined_9M,45,2.5774474143981934,3.1668386459350586,0.8752887845039368
Combined_9M,6,3.0578413009643555,4.072003364562988,0.7898516654968262
Combined_9M,28,3.164550542831421,3.7477219104766846,0.8287979364395142
Combined_9M,17,2.5272293090820312,3.1883292198181152,0.872402012348175
Combined_9M,1,4.36267614364624,5.654987335205078,0.6075285077095032
Combined_9M,10,2.683250904083252,3.3105568885803223,0.8639487028121948
Combined_9M,19,2.686519145965576,3.3086493015289307,0.864311695098877
Combined_9M,26,2.530613660812378,3.1378543376922607,0.8770418763160706
Combined_9M,8,2.7888784408569336,3.4572346210479736,0.8513906002044678
Combined_9M,21,2.6734578609466553,3.277876138687134,0.8669049739837646
Combined_9M,44,2.3849198818206787,3.0519654750823975,0.8818623423576355
Combined_9M,43,2.708118438720703,3.2814342975616455,0.867035984992981
Combined_9M,38,3.3508965969085693,4.31202507019043,0.7644496560096741
Combined_9M,36,2.5898683071136475,3.1870150566101074,0.8736689686775208
Combined_9M,31,3.1967415809631348,3.841832399368286,0.8195483684539795
Combined_9M,30,2.5282351970672607,3.428541898727417,0.8482882380485535
Combined_9M,37,2.4816949367523193,3.103238821029663,0.8791368007659912
Combined_9M,39,2.529590129852295,3.1499385833740234,0.8759341835975647
Combined_9M,46,2.9068288803100586,3.495738983154297,0.8500568866729736
Combined_9M,41,2.4434814453125,3.30584979057312,0.858832597732544
Combined_9M,48,2.8565053939819336,3.425419807434082,0.855897843837738
Combined_9M,24,30.718904495239258,35.498130798339844,-14.27021598815918
Combined_9M,23,2.645681858062744,3.2360074520111084,0.870181143283844
Combined_9M,4,2.711068630218506,3.6891791820526123,0.8252568244934082
Combined_9M,15,3.2937653064727783,3.94730806350708,0.8098536133766174
Combined_9M,3,4.0177178382873535,4.679933071136475,0.7367429137229919
Combined_9M,12,2.666779041290283,3.29878830909729,0.8647239208221436
Combined_9M,49,2.8406248092651367,3.441215753555298,0.8542270660400391
Combined_9M,40,2.9178555011749268,3.4831061363220215,0.8513550162315369
Combined_9M,47,2.427197217941284,3.2653563022613525,0.862454891204834
Combined_9M,2,5.701845169067383,7.091774940490723,0.3840687870979309
Combined_9M,13,2.572733163833618,3.412947177886963,0.8517146706581116
Combined_9M,5,2.667853593826294,3.5741126537323,0.8372249007225037
Combined_9M,14,2.5263726711273193,3.2595298290252686,0.8658388257026672
Combined_9M,22,2.490206718444824,3.119356393814087,0.8777759075164795
Combined_9M,25,2.5057525634765625,3.164238929748535,0.8740974068641663
Combined_30M,50,5.883568286895752,7.2834086418151855,0.38748693466186523
Combined_30M,32,2.13820481300354,2.801752805709839,0.9099454879760742
Combined_30M,35,5.4772210121154785,6.050987243652344,0.5803984999656677
Combined_30M,34,6.112968921661377,7.356311798095703,0.37503018975257874
Combined_30M,33,3.9252562522888184,4.831852912902832,0.7309610247612
Combined_30M,20,5.085429668426514,5.70265007019043,0.6273183226585388
Combined_30M,18,4.769104480743408,5.706683158874512,0.6207792162895203
Combined_30M,27,2.6501734256744385,3.430332899093628,0.8643355965614319
Combined_30M,9,4.606448173522949,5.3667755126953125,0.6698128581047058
Combined_30M,11,3.5343189239501953,4.174670696258545,0.8002229928970337
Combined_30M,7,5.468274116516113,6.415346622467041,0.5278394222259521
Combined_30M,29,2.3259437084198,3.0284125804901123,0.8946495056152344
Combined_30M,16,2.769197702407837,3.5515811443328857,0.8528147339820862
Combined_30M,42,2.6635522842407227,3.4286787509918213,0.8649162650108337
Combined_30M,45,1.99575674533844,2.515707015991211,0.9263218641281128
Combined_30M,6,6.920916557312012,8.274703979492188,0.19484461843967438
Combined_30M,28,2.206652879714966,2.7368075847625732,0.9128094911575317
Combined_30M,17,3.5992143154144287,4.3696699142456055,0.7773508429527283
Combined_30M,1,7.608952045440674,9.324716567993164,-0.010457978583872318
Combined_30M,10,5.735441207885742,6.609335899353027,0.4994082450866699
Combined_30M,19,4.321812629699707,4.957576274871826,0.7182829976081848
Combined_30M,26,6.266062259674072,6.93654203414917,0.44857752323150635
Combined_30M,8,5.323806285858154,6.496376037597656,0.5011429190635681
Combined_30M,21,2.5031237602233887,3.2577531337738037,0.8775303363800049
Combined_30M,44,2.1934304237365723,2.7090344429016113,0.9134275317192078
Combined_30M,43,2.8455898761749268,3.462078094482422,0.8624795079231262
Combined_30M,38,4.186120986938477,5.215590476989746,0.686065673828125
Combined_30M,36,2.903244972229004,3.4958724975585938,0.8592787981033325
Combined_30M,31,3.391746759414673,4.2348833084106445,0.7932136058807373
Combined_30M,30,2.5645461082458496,3.2916924953460693,0.8753905892372131
Combined_30M,37,4.782214641571045,5.311570167541504,0.676689088344574
Combined_30M,39,2.136784553527832,2.7704291343688965,0.9117803573608398
Combined_30M,46,2.009939193725586,2.5268120765686035,0.9252236485481262
Combined_30M,41,3.0336754322052,3.8393044471740723,0.830315351486206
Combined_30M,48,3.4228944778442383,4.315803527832031,0.7860190868377686
Combined_30M,24,4.25361442565918,5.231385707855225,0.6827890872955322
Combined_30M,23,2.75394344329834,3.373701810836792,0.8695487976074219
Combined_30M,4,6.281698703765869,7.362112998962402,0.3782297670841217
Combined_30M,15,3.4082131385803223,4.189023971557617,0.7950928807258606
Combined_30M,3,5.386252403259277,6.301940441131592,0.5439427495002747
Combined_30M,12,2.6403064727783203,3.3403160572052,0.8693135380744934
Combined_30M,49,2.4367172718048096,3.1058499813079834,0.8894323706626892
Combined_30M,40,6.952156066894531,7.631226539611816,0.33209043741226196
Combined_30M,47,2.351503849029541,3.028125762939453,0.8946685194969177
Combined_30M,2,6.423604488372803,7.691430568695068,0.2970985770225525
Combined_30M,13,3.27587890625,3.901933431625366,0.8255270719528198
Combined_30M,5,2.881953477859497,3.6426312923431396,0.8426068425178528
Combined_30M,14,3.4860260486602783,4.115671157836914,0.8058893084526062
Combined_30M,22,2.2566323280334473,2.7907488346099854,0.9099044799804688
Combined_30M,25,9.303765296936035,10.070534706115723,-0.1639915406703949
Combined_15M,50,3.445467948913574,4.044318675994873,0.8327779173851013
Combined_15M,32,3.5564000606536865,4.195230007171631,0.822220504283905
Combined_15M,35,2.793431282043457,3.6329715251922607,0.8635026216506958
Combined_15M,34,2.6824374198913574,3.569066286087036,0.8686922788619995
Combined_15M,33,3.3350725173950195,3.9388427734375,0.8429335951805115
Combined_15M,20,3.452652931213379,4.404135704040527,0.8010052442550659
Combined_15M,18,2.6760919094085693,3.5281620025634766,0.8723287582397461
Combined_15M,27,2.571798801422119,3.2870681285858154,0.8894051313400269
Combined_15M,9,3.97180438041687,5.079851150512695,0.7379807233810425
Combined_15M,11,5.488339424133301,6.461786270141602,0.5730389356613159
Combined_15M,7,3.270479440689087,4.41241455078125,0.8012470602989197
Combined_15M,29,3.7111926078796387,4.349196434020996,0.8064018487930298
Combined_15M,16,3.1719584465026855,4.140761852264404,0.8234372735023499
Combined_15M,42,2.5304980278015137,3.346524715423584,0.8845919370651245
Combined_15M,45,2.7554726600646973,3.535503625869751,0.8710469603538513
Combined_15M,6,3.370771884918213,4.286472320556641,0.8150595426559448
Combined_15M,28,2.896087169647217,3.7339272499084473,0.8560338020324707
Combined_15M,17,2.9465532302856445,3.920285701751709,0.8413270115852356
Combined_15M,1,8.94257926940918,10.341205596923828,-0.09417340159416199
Combined_15M,10,3.3944594860076904,4.181227207183838,0.8237137794494629
Combined_15M,19,3.982003688812256,4.639448642730713,0.7800304889678955
Combined_15M,26,2.96754789352417,3.935572862625122,0.8412371873855591
Combined_15M,8,3.0257647037506104,4.043708801269531,0.8334133625030518
Combined_15M,21,4.606004238128662,5.335454940795898,0.7093343734741211
Combined_15M,44,2.8420190811157227,3.4217894077301025,0.880352258682251
Combined_15M,43,2.7808420658111572,3.3686842918395996,0.884992241859436
Combined_15M,38,2.597564935684204,3.2442092895507812,0.892753541469574
Combined_15M,36,2.618016242980957,3.239813804626465,0.8932799100875854
Combined_15M,31,4.020856857299805,4.721621990203857,0.7715471982955933
Combined_15M,30,2.84592342376709,3.5449254512786865,0.8727236986160278
Combined_15M,37,2.5946969985961914,3.4635753631591797,0.876531183719635
Combined_15M,39,3.7752976417541504,4.394752025604248,0.8029574751853943
Combined_15M,46,4.057588577270508,4.7614922523498535,0.7699468731880188
Combined_15M,41,2.8138182163238525,3.400446891784668,0.88259357213974
Combined_15M,48,2.670377254486084,3.465590476989746,0.8758717775344849
Combined_15M,24,3.1037659645080566,4.092474460601807,0.8279935717582703
Combined_15M,23,2.9761171340942383,3.605459213256836,0.8665772676467896
Combined_15M,4,4.700765609741211,5.991216659545898,0.6358779668807983
Combined_15M,15,3.9397459030151367,4.930563926696777,0.7508242130279541
Combined_15M,3,4.2945051193237305,5.267800331115723,0.7200178503990173
Combined_15M,12,3.8552262783050537,4.674715042114258,0.7802570462226868
Combined_15M,49,2.660560131072998,3.454756259918213,0.8768954873085022
Combined_15M,40,2.4651453495025635,3.1266872882843018,0.8996434807777405
Combined_15M,47,2.4801554679870605,3.3304603099823,0.8857265710830688
Combined_15M,2,3.8186538219451904,4.947470664978027,0.751953661441803
Combined_15M,13,3.798738718032837,4.838674068450928,0.7600861191749573
Combined_15M,5,7.3016581535339355,8.532035827636719,0.25614655017852783
Combined_15M,14,3.4561758041381836,4.4899187088012695,0.793199360370636
Combined_15M,22,4.052322864532471,4.7214531898498535,0.77306067943573
Combined_15M,25,2.835947275161743,3.8197028636932373,0.8503870964050293
Combined_33M,50,6.643064975738525,7.742675304412842,0.4394431710243225
Combined_33M,32,5.832469463348389,7.068483352661133,0.5535363554954529
Combined_33M,35,8.851336479187012,10.201041221618652,0.10546793043613434
Combined_33M,34,8.449326515197754,9.868600845336914,0.1441318541765213
Combined_33M,33,8.275956153869629,9.502278327941895,0.22216375172138214
Combined_33M,20,8.191588401794434,9.467572212219238,0.21322734653949738
Combined_33M,18,5.924558162689209,6.777860164642334,0.6028028726577759
Combined_33M,27,8.93156623840332,10.406540870666504,0.05207424238324165
Combined_33M,9,9.659414291381836,11.008334159851074,-0.09079736471176147
Combined_33M,11,10.679279327392578,12.226174354553223,-0.29928484559059143
Combined_33M,7,12.25991439819336,14.002673149108887,-0.7418593764305115
Combined_33M,29,8.260357856750488,9.454967498779297,0.20644329488277435
Combined_33M,16,7.784466743469238,9.011134147644043,0.31528228521347046
Combined_33M,42,5.935416221618652,7.011411666870117,0.5767280459403992
Combined_33M,45,6.288354873657227,7.35395622253418,0.5314109325408936
Combined_33M,6,11.820481300354004,13.4740629196167,-0.5854941606521606
Combined_33M,28,7.748029708862305,8.91418743133545,0.3063817620277405
Combined_33M,17,12.08376693725586,14.040026664733887,-0.7640550136566162
Combined_33M,1,18.92217445373535,21.692411422729492,-3.120966911315918
Combined_33M,10,12.494328498840332,14.355500221252441,-0.8799067735671997
Combined_33M,19,9.431195259094238,10.836910247802734,-0.03249303251504898
Combined_33M,26,6.698112964630127,7.991021156311035,0.43272340297698975
Combined_33M,8,9.568936347961426,10.687604904174805,0.00974662322551012
Combined_33M,21,7.602996349334717,8.692456245422363,0.35656601190567017
Combined_33M,44,8.210556983947754,9.427258491516113,0.22346682846546173
Combined_33M,43,7.8867363929748535,8.96095085144043,0.3031400740146637
Combined_33M,38,6.678217887878418,7.589540481567383,0.5033081769943237
Combined_33M,36,7.5953826904296875,8.680656433105469,0.34344717860221863
Combined_33M,31,10.52619743347168,12.620935440063477,-0.4092722237110138
Combined_33M,30,7.675550937652588,8.770281791687012,0.33520960807800293
Combined_33M,37,6.662582874298096,7.628067493438721,0.499988317489624
Combined_33M,39,5.196057319641113,6.043249607086182,0.6768041849136353
Combined_33M,46,7.345382213592529,8.390803337097168,0.39203864336013794
Combined_33M,41,6.722978115081787,7.615999221801758,0.5044743418693542
Combined_33M,48,5.4895501136779785,6.384026527404785,0.6333937644958496
Combined_33M,24,9.396440505981445,10.975227355957031,-0.01021205447614193
Combined_33M,23,10.250679016113281,12.349413871765137,-0.3331190347671509
Combined_33M,4,12.463314056396484,14.610698699951172,-0.827282190322876
Combined_33M,15,14.14270305633545,16.612224578857422,-1.4002327919006348
Combined_33M,3,17.233375549316406,19.714794158935547,-2.406867742538452
Combined_33M,12,11.05909538269043,12.774394989013672,-0.4006749391555786
Combined_33M,49,8.408373832702637,9.590929985046387,0.15980324149131775
Combined_33M,40,7.198880672454834,8.177416801452637,0.42120662331581116
Combined_33M,47,8.759020805358887,10.0383939743042,0.12572947144508362
Combined_33M,2,13.795644760131836,15.797094345092773,-1.1999995708465576
Combined_33M,13,10.165945053100586,11.427377700805664,-0.1403638869524002
Combined_33M,5,13.446036338806152,15.364514350891113,-1.1206213235855103
Combined_33M,14,10.225968360900879,12.078766822814941,-0.2638505697250366
Combined_33M,22,8.242412567138672,9.62701416015625,0.20154732465744019
Combined_33M,25,7.592334747314453,9.032672882080078,0.3027590811252594
Combined_27M,50,3.859199285507202,4.814345836639404,0.7018647789955139
Combined_27M,32,5.2688984870910645,6.068797588348389,0.5371544361114502
Combined_27M,35,4.272868633270264,5.181210517883301,0.6597109436988831
Combined_27M,34,4.225391387939453,5.2712178230285645,0.6437790393829346
Combined_27M,33,5.125209808349609,6.0228753089904785,0.5414398312568665
Combined_27M,20,4.484706401824951,5.595617771148682,0.5996637940406799
Combined_27M,18,5.523472785949707,6.377640247344971,0.4857265055179596
Combined_27M,27,5.090204238891602,6.111295223236084,0.5215030908584595
Combined_27M,9,4.933785438537598,6.4557929039001465,0.47708556056022644
Combined_27M,11,5.811016082763672,6.768947124481201,0.4238062798976898
Combined_27M,7,5.212777137756348,6.309871196746826,0.4976809322834015
Combined_27M,29,4.4936909675598145,5.479712963104248,0.6179103851318359
Combined_27M,16,8.085630416870117,8.931368827819824,-0.010521049611270428
Combined_27M,42,3.8787453174591064,4.777754306793213,0.7106424570083618
Combined_27M,45,6.432211399078369,7.1718926429748535,0.3452526926994324
Combined_27M,6,6.2985734939575195,7.530801296234131,0.27331122756004333
Combined_27M,28,6.164140701293945,6.987985610961914,0.37816697359085083
Combined_27M,17,4.5021257400512695,5.571866512298584,0.6054589748382568
Combined_27M,1,6.043959140777588,7.461147308349609,0.28751900792121887
Combined_27M,10,8.09865951538086,9.054360389709473,-0.03332430496811867
Combined_27M,19,4.830378532409668,5.664341449737549,0.5981124639511108
Combined_27M,26,4.8141770362854,5.662065505981445,0.5938984155654907
Combined_27M,8,6.172468662261963,7.185946464538574,0.35259005427360535
Combined_27M,21,4.06951904296875,5.135064601898193,0.6653115749359131
Combined_27M,44,5.789616584777832,6.554978847503662,0.4535989463329315
Combined_27M,43,7.636424541473389,8.378976821899414,0.11029880493879318
Combined_27M,38,5.069136142730713,5.884373188018799,0.5607019066810608
Combined_27M,36,5.182281017303467,6.022714614868164,0.5381022095680237
Combined_27M,31,7.8446550369262695,8.609439849853516,0.060847245156764984
Combined_27M,30,5.072427272796631,5.8457417488098145,0.5693937540054321
Combined_27M,37,3.7423183917999268,4.930957317352295,0.6887680888175964
Combined_27M,39,6.624883651733398,7.369813919067383,0.31030693650245667
Combined_27M,46,4.069090843200684,4.869055271148682,0.6995176076889038
Combined_27M,41,6.423668384552002,7.194843292236328,0.34288543462753296
Combined_27M,48,5.506396293640137,6.369771957397461,0.4787140190601349
Combined_27M,24,6.553483486175537,7.413744926452637,0.2993393540382385
Combined_27M,23,4.916848659515381,6.0646843910217285,0.5264345407485962
Combined_27M,4,4.514655590057373,5.896639347076416,0.5589057207107544
Combined_27M,15,5.833436489105225,6.6666364669799805,0.44015780091285706
Combined_27M,3,5.5743255615234375,6.952569484710693,0.38108837604522705
Combined_27M,12,9.255498886108398,10.482701301574707,-0.3981615900993347
Combined_27M,49,6.473709583282471,7.1993207931518555,0.3406064510345459
Combined_27M,40,5.2366557121276855,6.127496719360352,0.5199028253555298
Combined_27M,47,5.735828876495361,6.387209415435791,0.48684900999069214
Combined_27M,2,5.438657760620117,6.982144832611084,0.37392163276672363
Combined_27M,13,5.0385518074035645,6.083983898162842,0.5373287796974182
Combined_27M,5,5.782162666320801,6.771395206451416,0.4222334325313568
Combined_27M,14,7.2201337814331055,8.111895561218262,0.17165590822696686
Combined_27M,22,6.6625237464904785,7.454749584197998,0.29582422971725464
Combined_27M,25,6.484992504119873,7.255145072937012,0.3325095474720001
Combined_6M,50,6.249588966369629,7.4036664962768555,0.29893872141838074
Combined_6M,32,2.3688666820526123,3.2597815990448,0.8571690320968628
Combined_6M,35,2.3638949394226074,3.0679001808166504,0.8741464614868164
Combined_6M,34,2.278132200241089,3.0136566162109375,0.8779183030128479
Combined_6M,33,4.5794525146484375,5.586524486541748,0.5982165336608887
Combined_6M,20,3.795987129211426,4.557623386383057,0.7329064011573792
Combined_6M,18,2.916891574859619,3.577655076980591,0.8334131836891174
Combined_6M,27,2.6683835983276367,3.3330492973327637,0.8540588021278381
Combined_6M,9,3.2080140113830566,3.895373821258545,0.8039194941520691
Combined_6M,11,2.9468250274658203,3.889730930328369,0.8010789752006531
Combined_6M,7,5.117971420288086,6.18271541595459,0.5106995105743408
Combined_6M,29,2.887850284576416,3.8141703605651855,0.807919442653656
Combined_6M,16,2.321093797683716,3.216808795928955,0.8608726859092712
Combined_6M,42,2.287814140319824,3.164745569229126,0.864940345287323
Combined_6M,45,2.769033670425415,3.691023588180542,0.819458544254303
Combined_6M,6,3.2495710849761963,3.933427572250366,0.8005886673927307
Combined_6M,28,2.726783514022827,3.3884620666503906,0.8495710492134094
Combined_6M,17,2.2821438312530518,3.0225989818573,0.8772425055503845
Combined_6M,1,2.734135627746582,3.4190218448638916,0.8480071425437927
Combined_6M,10,4.165624618530273,4.9758405685424805,0.6822590827941895
Combined_6M,19,3.160202741622925,4.094504356384277,0.7802634239196777
Combined_6M,26,3.1380436420440674,4.069664478302002,0.7826074361801147
Combined_6M,8,2.406573534011841,3.1077120304107666,0.8715314865112305
Combined_6M,21,2.827453851699829,3.752920389175415,0.8138721585273743
Combined_6M,44,4.658986568450928,5.538782119750977,0.6068415641784668
Combined_6M,43,3.0459563732147217,3.7201974391937256,0.8204544186592102
Combined_6M,38,3.5011653900146484,4.226802349090576,0.7697867751121521
Combined_6M,36,4.476821422576904,5.476358413696289,0.6135120987892151
Combined_6M,31,3.7410902976989746,4.69301700592041,0.7140384912490845
Combined_6M,30,2.943228006362915,3.610077142715454,0.8304386734962463
Combined_6M,37,3.3256430625915527,4.03053617477417,0.7902156114578247
Combined_6M,39,3.750415802001953,4.510110378265381,0.7384752631187439
Combined_6M,46,2.243699550628662,3.011559247970581,0.8776718974113464
Combined_6M,41,2.3653347492218018,3.061361789703369,0.8747969269752502
Combined_6M,48,3.8239641189575195,4.597440242767334,0.7283985614776611
Combined_6M,24,2.977931022644043,3.6476426124572754,0.827056348323822
Combined_6M,23,2.219529628753662,3.027557849884033,0.8762521147727966
Combined_6M,4,2.854990005493164,3.822127342224121,0.8078796863555908
Combined_6M,15,2.554210901260376,3.210181474685669,0.8641664981842041
Combined_6M,3,2.710101842880249,3.3797261714935303,0.8511183857917786
Combined_6M,12,2.2897591590881348,3.0325489044189453,0.8767492175102234
Combined_6M,49,3.047276496887207,3.975186347961426,0.792169988155365
Combined_6M,40,2.6447510719299316,3.302067995071411,0.8566469550132751
Combined_6M,47,4.042179107666016,4.848170280456543,0.6982836127281189
Combined_6M,2,2.8061511516571045,3.481281280517578,0.842597246170044
Combined_6M,13,4.716047763824463,5.741548538208008,0.5767503976821899
Combined_6M,5,2.4452054500579834,3.1475250720977783,0.8689603805541992
Combined_6M,14,2.354429006576538,3.2550063133239746,0.8579518795013428
Combined_6M,22,3.4155690670013428,4.13082218170166,0.7799215912818909
Combined_6M,25,4.361493110656738,5.352209091186523,0.6305914521217346
Combined_24M,50,2.5484962463378906,3.1032822132110596,0.8610108494758606
Combined_24M,32,2.4474077224731445,2.9751551151275635,0.8613197803497314
Combined_24M,35,2.704101800918579,3.323370933532715,0.8336210250854492
Combined_24M,34,2.8532752990722656,3.6455867290496826,0.7570922374725342
Combined_24M,33,2.356937885284424,2.861926794052124,0.860266923904419
Combined_24M,20,3.327501058578491,4.020249843597412,0.7748230695724487
Combined_24M,18,3.2513723373413086,3.9329066276550293,0.7814532518386841
Combined_24M,27,2.9707374572753906,3.7183876037597656,0.8094940185546875
Combined_24M,9,5.878707408905029,6.742080211639404,0.4061714708805084
Combined_24M,11,4.245177745819092,5.100248336791992,0.6612246632575989
Combined_24M,7,4.135563373565674,5.054354190826416,0.6670375466346741
Combined_24M,29,2.6560299396514893,3.306840181350708,0.8400848507881165
Combined_24M,16,3.8808605670928955,4.699328422546387,0.7030924558639526
Combined_24M,42,2.323383092880249,2.882843494415283,0.8660493493080139
Combined_24M,45,2.3903236389160156,3.091296672821045,0.8347784876823425
Combined_24M,6,6.004881381988525,7.18669319152832,0.34112173318862915
Combined_24M,28,4.311534404754639,5.149580001831055,0.6472620368003845
Combined_24M,17,3.315385103225708,4.006945610046387,0.7751967310905457
Combined_24M,1,11.488025665283203,14.298958778381348,-1.6848945617675781
Combined_24M,10,3.59285306930542,4.399691104888916,0.7415459752082825
Combined_24M,19,3.5197863578796387,4.254793167114258,0.7505648732185364
Combined_24M,26,2.993107795715332,3.661243438720703,0.8135968446731567
Combined_24M,8,6.027573585510254,6.908914566040039,0.37785011529922485
Combined_24M,21,3.3897128105163574,4.173630714416504,0.7507777214050293
Combined_24M,44,2.284297466278076,2.88519287109375,0.8646730780601501
Combined_24M,43,2.2618541717529297,2.848343849182129,0.8616111874580383
Combined_24M,38,2.3296866416931152,2.9913442134857178,0.8384474515914917
Combined_24M,36,2.311281442642212,2.9093005657196045,0.8487441539764404
Combined_24M,31,6.063161373138428,7.186837196350098,0.30030882358551025
Combined_24M,30,4.088563919067383,4.899141788482666,0.5856552720069885
Combined_24M,37,2.9359805583953857,3.5614869594573975,0.8145990371704102
Combined_24M,39,2.609989643096924,3.2614495754241943,0.808657169342041
Combined_24M,46,2.313516139984131,2.88692307472229,0.872511088848114
Combined_24M,41,2.458949089050293,3.019481658935547,0.8614927530288696
Combined_24M,48,3.8510618209838867,4.590014457702637,0.7077614665031433
Combined_24M,24,3.1443252563476562,3.8100192546844482,0.7925050258636475
Combined_24M,23,2.7026357650756836,3.3593122959136963,0.788715660572052
Combined_24M,4,3.659026622772217,4.5063982009887695,0.669597327709198
Combined_24M,15,3.5642127990722656,4.299777507781982,0.6793788075447083
Combined_24M,3,3.667194366455078,4.468627452850342,0.6923078894615173
Combined_24M,12,5.259296894073486,6.105600357055664,0.514207124710083
Combined_24M,49,3.0235559940338135,3.6835381984710693,0.8098828792572021
Combined_24M,40,2.7940187454223633,3.482766628265381,0.8160765171051025
Combined_24M,47,2.3677518367767334,3.057725667953491,0.8513718247413635
Combined_24M,2,3.9362292289733887,4.666746616363525,0.647709846496582
Combined_24M,13,4.076359272003174,4.85661506652832,0.6820894479751587
Combined_24M,5,5.538965702056885,6.5742106437683105,0.44205987453460693
Combined_24M,14,4.736861705780029,5.571650981903076,0.5948109030723572
Combined_24M,22,3.7579591274261475,4.57994270324707,0.71519935131073
Combined_24M,25,2.6485114097595215,3.3520028591156006,0.835806131362915
Combined_36M,50,2.9608116149902344,4.027998924255371,0.8271374106407166
Combined_36M,32,31.08329963684082,33.95838928222656,-11.286169052124023
Combined_36M,35,4.1142072677612305,5.039734840393066,0.7293937802314758
Combined_36M,34,4.000179767608643,4.899126052856445,0.7442829608917236
Combined_36M,33,9.294618606567383,11.587884902954102,-0.43064117431640625
Combined_36M,20,6.190573215484619,7.476465225219727,0.40445446968078613
Combined_36M,18,6.146282196044922,8.005929946899414,0.3171175718307495
Combined_36M,27,8.858701705932617,10.004603385925293,-0.06640481948852539
Combined_36M,9,4.308896064758301,5.700088024139404,0.6538331508636475
Combined_36M,11,3.9669084548950195,5.282725811004639,0.702670156955719
Combined_36M,7,9.721712112426758,12.551383972167969,-0.6784389019012451
Combined_36M,29,11.839728355407715,13.037100791931152,-0.8108580112457275
Combined_36M,16,4.651736259460449,6.0140252113342285,0.6146522760391235
Combined_36M,42,3.161327838897705,4.172228813171387,0.814536452293396
Combined_36M,45,7.99065637588501,10.166840553283691,-0.10127139091491699
Combined_36M,6,7.01003360748291,8.616022109985352,0.20907384157180786
Combined_36M,28,4.531174182891846,5.651353359222412,0.659727156162262
Combined_36M,17,3.759932041168213,4.959129333496094,0.7379807233810425
Combined_36M,1,7.669456481933594,10.164341926574707,-0.10073018074035645
Combined_36M,10,4.541713714599609,5.4915642738342285,0.6786972284317017
Combined_36M,19,3.577491283416748,4.737219333648682,0.7609056234359741
Combined_36M,26,9.24065113067627,11.305961608886719,-0.3618752956390381
Combined_36M,8,5.086629867553711,6.062736988067627,0.6083845496177673
Combined_36M,21,3.811291217803955,4.808346748352051,0.7536719441413879
Combined_36M,44,5.813148498535156,7.255435943603516,0.43914657831192017
Combined_36M,43,27.718746185302734,30.017370223999023,-8.599920272827148
Combined_36M,38,3.4786264896392822,4.47857141494751,0.7863015532493591
Combined_36M,36,7.982982158660889,9.043484687805176,0.12864726781845093
Combined_36M,31,6.20217227935791,7.874585151672363,0.3393404483795166
Combined_36M,30,5.960780620574951,7.124055862426758,0.4592743515968323
Combined_36M,37,21.79848861694336,23.739299774169922,-5.004240989685059
Combined_36M,39,5.418195724487305,6.532118320465088,0.5453989505767822
Combined_36M,46,6.141590118408203,7.699651718139648,0.36836743354797363
Combined_36M,41,6.096721172332764,7.154157638549805,0.4546951651573181
Combined_36M,48,3.0213327407836914,4.076660633087158,0.8229354619979858
Combined_36M,24,3.7102277278900146,4.734287738800049,0.7612015008926392
Combined_36M,23,17.108802795410156,20.17328643798828,-3.3358640670776367
Combined_36M,4,5.9927167892456055,6.833667755126953,0.5024576187133789
Combined_36M,15,6.307262897491455,8.269389152526855,0.2714334726333618
Combined_36M,3,5.8119730949401855,6.5909624099731445,0.5371716022491455
Combined_36M,12,4.255799293518066,5.2840776443481445,0.7025179862976074
Combined_36M,49,11.443805694580078,13.805546760559082,-1.0306241512298584
Combined_36M,40,4.330550193786621,5.261014938354492,0.7051090598106384
Combined_36M,47,7.219241619110107,9.345277786254883,0.06952053308486938
Combined_36M,2,6.968364715576172,7.849928379058838,0.3434712886810303
Combined_36M,13,4.263749122619629,5.186874866485596,0.7133618593215942
Combined_36M,5,6.121811389923096,8.601539611816406,0.21173053979873657
Combined_36M,14,4.049988746643066,5.157546043395996,0.7165943384170532
Combined_36M,22,3.458569049835205,4.4962897300720215,0.7846073508262634
Combined_36M,25,6.575309753417969,8.4312162399292,0.24263930320739746
